module,path,loc,lines,commits,last_modified,public_symbols,top_imports,complexity_estimate
app.py,app.py,3214,3827,90,2026-09-26,"upload_too_large, require_current_render_id, index, api_input_profiles, api_settings_get",hybrid(37); soundfile(2); werkzeug(2),1260
cloud,cloud/kaggle/train_a2_cloud.py,544,667,16,2026-09-25,"CloudTrainingError, settings_for_preset, custom_split_train_stop, apply_custom_split_patch, print_diagnostics",nam(7); importlib(2); __future__(1),190
desktop,desktop/src-tauri/target/debug/nam-mixer-backend/_internal/training_support/cloud/kaggle/train_a2_cloud.py,522,640,0,unknown,"CloudTrainingError, settings_for_preset, custom_split_train_stop, apply_custom_split_patch, print_diagnostics",nam(7); importlib(2); __future__(1),180
desktop,desktop/src-tauri/target/debug/nam-mixer-backend/_internal/training_support/hybrid/__init__.py,15,16,0,unknown,,,4
desktop,desktop/src-tauri/target/debug/nam-mixer-backend/_internal/training_support/hybrid/a2_training_settings.py,135,207,0,unknown,"A2TrainingSettings, settings_for_preset, custom_split_train_stop, settings_for, user_metadata_kwargs",__future__(1); dataclasses(1); pathlib(1),78
desktop,desktop/src-tauri/target/debug/nam-mixer-backend/_internal/training_support/hybrid/align.py,98,122,0,unknown,"estimate_offset, align_to_reference",__future__(1); logging(1); numpy(1),31
desktop,desktop/src-tauri/target/debug/nam-mixer-backend/_internal/training_support/hybrid/audio_metrics.py,127,145,0,unknown,"rms_dbfs, spectral_magnitude_correlation, framed_spectral_correlation, multi_resolution_log_spectral_distance, envelope_error_db",__future__(1); numpy(1),37
desktop,desktop/src-tauri/target/debug/nam-mixer-backend/_internal/training_support/hybrid/blend.py,58,77,0,unknown,"smoothstep_curve, CrossoverConfig, blend_weight, blend",__future__(1); dataclasses(1); typing(1),6
desktop,desktop/src-tauri/target/debug/nam-mixer-backend/_internal/training_support/hybrid/blend_training_target.py,251,291,0,unknown,"build_blend_training_manifest, generate_blend_training_bundle",(9); __future__(1); json(1),24
desktop,desktop/src-tauri/target/debug/nam-mixer-backend/_internal/training_support/hybrid/cab_ir.py,355,447,0,unknown,"CabIrError, PreparedCabIr, load_and_prepare_cab_ir, get_prepared_cab_ir, get_frozen_prepared_cab_ir",dataclasses(2); __future__(1); hashlib(1),106
desktop,desktop/src-tauri/target/debug/nam-mixer-backend/_internal/training_support/hybrid/calibration.py,69,88,0,unknown,"input_calibration_gain_db, CalibrationResult, resolve_calibration",__future__(1); dataclasses(1); typing(1),18
desktop,desktop/src-tauri/target/debug/nam-mixer-backend/_internal/training_support/hybrid/cg_anchors.py,54,71,0,unknown,"effective_min_sep, response_anchors, fixed_ladder_anchors, position_input_gain_db, mapping_table",__future__(1); numpy(1),45
desktop,desktop/src-tauri/target/debug/nam-mixer-backend/_internal/training_support/hybrid/cg_audit.py,173,192,0,unknown,"music_lag, audit_captures, alignment_shift, r_music",(2); __future__(1); typing(1),117
desktop,desktop/src-tauri/target/debug/nam-mixer-backend/_internal/training_support/hybrid/cg_bundle.py,166,206,0,unknown,"FcRecipe, sha256_f32, BuiltAudio, build_training_audio, make_chain",(9); __future__(1); hashlib(1),37
desktop,desktop/src-tauri/target/debug/nam-mixer-backend/_internal/training_support/hybrid/cg_excitation.py,70,80,0,unknown,"level_swept_excitation, active_rms",__future__(1); numpy(1),17
desktop,desktop/src-tauri/target/debug/nam-mixer-backend/_internal/training_support/hybrid/cg_parallel.py,22,28,0,unknown,"default_workers, pmap",__future__(1); os(1); concurrent(1),11
desktop,desktop/src-tauri/target/debug/nam-mixer-backend/_internal/training_support/hybrid/cg_probe.py,116,148,0,unknown,"crest_db, hf_ratio_db, features, tone_signal, harmonics",__future__(1); typing(1); numpy(1),31
desktop,desktop/src-tauri/target/debug/nam-mixer-backend/_internal/training_support/hybrid/cg_profile.py,88,94,0,unknown,build_profile,__future__(1); numpy(1); scipy(1),81
desktop,desktop/src-tauri/target/debug/nam-mixer-backend/_internal/training_support/hybrid/cg_project.py,283,322,0,unknown,"CgProjectError, suggest_position, CgProject, create, state",(12); __future__(1); json(1),124
desktop,desktop/src-tauri/target/debug/nam-mixer-backend/_internal/training_support/hybrid/cg_selection.py,197,219,0,unknown,"SelectionAnalysis, select_captures, evaluate_set, resolve_selection, val",__future__(1); itertools(1); numpy(1),174
desktop,desktop/src-tauri/target/debug/nam-mixer-backend/_internal/training_support/hybrid/cg_validation.py,136,167,0,unknown,"check_compatibility, check_safety, check_progression, write_audition, one",(6); __future__(1); json(1),60
desktop,desktop/src-tauri/target/debug/nam-mixer-backend/_internal/training_support/hybrid/character_analysis.py,106,139,0,unknown,"CharacterAnalysisConfig, AmpLevelAnalysis, AmpCharacterAnalysis, sha256_file, analyse_rendered_audio",__future__(1); hashlib(1); json(1),18
desktop,desktop/src-tauri/target/debug/nam-mixer-backend/_internal/training_support/hybrid/character_blend.py,334,428,0,unknown,"character_temporal_history_samples, CharacterBlendDesign, CharacterBlendResult, LowLevelResponseCheck, evaluate_low_level_response",(5); __future__(1); json(1),97
desktop,desktop/src-tauri/target/debug/nam-mixer-backend/_internal/training_support/hybrid/character_training_target.py,292,324,0,unknown,"evaluate_bundle_low_level_response, build_export_validation_reference, check_export_low_level_response, check_full_low_level_response, build_character_training_manifest",(10); __future__(1); json(1),95
desktop,desktop/src-tauri/target/debug/nam-mixer-backend/_internal/training_support/hybrid/continuous_gain/__init__.py,1,1,0,unknown,,,1
desktop,desktop/src-tauri/target/debug/nam-mixer-backend/_internal/training_support/hybrid/continuous_gain/anchors.py,54,71,0,unknown,"effective_min_sep, response_anchors, fixed_ladder_anchors, position_input_gain_db, mapping_table",__future__(1); numpy(1),45
desktop,desktop/src-tauri/target/debug/nam-mixer-backend/_internal/training_support/hybrid/continuous_gain/audit.py,183,204,0,unknown,"music_lag, audit_captures, alignment_shift, apply_alignment_shift, r_music",(2); __future__(1); typing(1),121
desktop,desktop/src-tauri/target/debug/nam-mixer-backend/_internal/training_support/hybrid/continuous_gain/bundle.py,169,206,0,unknown,"FcRecipe, sha256_f32, BuiltAudio, build_training_audio, make_chain",(12); __future__(1); hashlib(1),37
desktop,desktop/src-tauri/target/debug/nam-mixer-backend/_internal/training_support/hybrid/continuous_gain/excitation.py,70,80,0,unknown,"level_swept_excitation, active_rms",__future__(1); numpy(1),17
desktop,desktop/src-tauri/target/debug/nam-mixer-backend/_internal/training_support/hybrid/continuous_gain/multi_blend.py,44,57,0,unknown,"GainChain, chain_weights, multi_blend, input_scale_db, designated_gain_db",__future__(1); dataclasses(1); numpy(1),15
desktop,desktop/src-tauri/target/debug/nam-mixer-backend/_internal/training_support/hybrid/continuous_gain/parallel.py,22,28,0,unknown,"default_workers, pmap",__future__(1); os(1); concurrent(1),11
desktop,desktop/src-tauri/target/debug/nam-mixer-backend/_internal/training_support/hybrid/continuous_gain/probe.py,116,146,0,unknown,"crest_db, hf_ratio_db, features, tone_signal, harmonics",(3); __future__(1); typing(1),31
desktop,desktop/src-tauri/target/debug/nam-mixer-backend/_internal/training_support/hybrid/continuous_gain/profile.py,88,94,0,unknown,build_profile,__future__(1); numpy(1); scipy(1),81
desktop,desktop/src-tauri/target/debug/nam-mixer-backend/_internal/training_support/hybrid/continuous_gain/project.py,297,336,0,unknown,"CgProjectError, suggest_position, CgProject, create, state",(12); __future__(1); json(1),129
desktop,desktop/src-tauri/target/debug/nam-mixer-backend/_internal/training_support/hybrid/continuous_gain/selection.py,203,228,0,unknown,"SelectionAnalysis, select_captures, evaluate_set, resolve_selection, val",__future__(1); itertools(1); numpy(1),177
desktop,desktop/src-tauri/target/debug/nam-mixer-backend/_internal/training_support/hybrid/continuous_gain/validation.py,140,169,0,unknown,"check_compatibility, check_safety, check_progression, write_audition, one",(7); __future__(1); json(1),62
desktop,desktop/src-tauri/target/debug/nam-mixer-backend/_internal/training_support/hybrid/core/__init__.py,1,1,0,unknown,,,1
desktop,desktop/src-tauri/target/debug/nam-mixer-backend/_internal/training_support/hybrid/core/align.py,97,125,0,unknown,"estimate_offset, align_to_reference",__future__(1); logging(1); numpy(1),34
desktop,desktop/src-tauri/target/debug/nam-mixer-backend/_internal/training_support/hybrid/core/audio_metrics.py,114,137,0,unknown,"is_audible_dbfs, rms_dbfs, spectral_magnitude_correlation, framed_spectral_correlation, multi_resolution_log_spectral_distance",__future__(1); numpy(1),35
desktop,desktop/src-tauri/target/debug/nam-mixer-backend/_internal/training_support/hybrid/core/cab_ir.py,360,459,0,unknown,"CabIrError, PreparedCabIr, load_and_prepare_cab_ir, get_prepared_cab_ir, get_frozen_prepared_cab_ir",dataclasses(2); __future__(1); hashlib(1),111
desktop,desktop/src-tauri/target/debug/nam-mixer-backend/_internal/training_support/hybrid/core/calibration.py,69,88,0,unknown,"input_calibration_gain_db, CalibrationResult, resolve_calibration",__future__(1); dataclasses(1); typing(1),18
desktop,desktop/src-tauri/target/debug/nam-mixer-backend/_internal/training_support/hybrid/core/coverage.py,66,99,0,unknown,"CoverageResult, active_signal_mask, analyse_profile_coverage, envelope_percentiles, suggest_crossover_dbfs",__future__(1); dataclasses(1); numpy(1),22
desktop,desktop/src-tauri/target/debug/nam-mixer-backend/_internal/training_support/hybrid/core/envelope.py,179,226,0,unknown,"rms_envelope_db, BoundedEnvelopeConfig, bounded_envelope_max_history_ms, bounded_envelope_max_history_samples, bounded_causal_envelope_db",__future__(1); dataclasses(1); numpy(1),48
desktop,desktop/src-tauri/target/debug/nam-mixer-backend/_internal/training_support/hybrid/core/input_profiles.py,182,203,0,unknown,"db_to_amplitude, InputProfile, get_profile, resolve_profile_gain_db",__future__(1); dataclasses(1); typing(1),23
desktop,desktop/src-tauri/target/debug/nam-mixer-backend/_internal/training_support/hybrid/core/level_match.py,59,75,0,unknown,"LevelMatchResult, compute_crossover_trim",__future__(1); dataclasses(1); numpy(1),8
desktop,desktop/src-tauri/target/debug/nam-mixer-backend/_internal/training_support/hybrid/core/nam_loader.py,115,149,0,unknown,"NamModel, load_nam, architecture, config, sample_rate",__future__(1); json(1); dataclasses(1),32
desktop,desktop/src-tauri/target/debug/nam-mixer-backend/_internal/training_support/hybrid/core/pipeline.py,220,271,0,unknown,"RenderedPair, render_pair, amp_input_peak_warnings, HybridResult, build_hybrid",(8); __future__(1); dataclasses(1),36
desktop,desktop/src-tauri/target/debug/nam-mixer-backend/_internal/training_support/hybrid/core/receptive_field.py,291,339,0,unknown,"ReceptiveFieldUnavailable, compute_source_nam_receptive_field, A2ReceptiveField, load_packed_a2_config, compute_a2_receptive_field",__future__(1); importlib(1); json(1),67
desktop,desktop/src-tauri/target/debug/nam-mixer-backend/_internal/training_support/hybrid/core/render.py,143,185,0,unknown,"NamRenderError, find_nam_render_exe, find_sequential_nam_render_exe, sequential_renderer_record, render",(2); __future__(1); shutil(1),76
desktop,desktop/src-tauri/target/debug/nam-mixer-backend/_internal/training_support/hybrid/core/render_bootstrap.py,95,123,0,unknown,"NamRenderDownloadError, default_dest_path, download_prebuilt_nam_render",urllib(2); __future__(1); json(1),27
desktop,desktop/src-tauri/target/debug/nam-mixer-backend/_internal/training_support/hybrid/core/safety.py,107,138,0,unknown,"SafetyReport, check_audio, apply_peak_ceiling, compute_auto_output_gain_db, apply_output_gain",__future__(1); dataclasses(1); numpy(1),30
desktop,desktop/src-tauri/target/debug/nam-mixer-backend/_internal/training_support/hybrid/coverage.py,66,97,0,unknown,"CoverageResult, active_signal_mask, analyse_profile_coverage, envelope_percentiles, suggest_crossover_dbfs",__future__(1); dataclasses(1); numpy(1),22
desktop,desktop/src-tauri/target/debug/nam-mixer-backend/_internal/training_support/hybrid/design.py,135,178,0,unknown,"HybridDesign, freeze_design, to_dict, write_json, read_json",(4); __future__(1); json(1),8
desktop,desktop/src-tauri/target/debug/nam-mixer-backend/_internal/training_support/hybrid/embedded_completion.py,55,67,0,unknown,complete_embedded_artifact,(6); __future__(1); pathlib(1),19
desktop,desktop/src-tauri/target/debug/nam-mixer-backend/_internal/training_support/hybrid/env_file.py,130,157,0,unknown,"read_env_value, read_saved_env_value, read_env_values, read_saved_env_values, write_env_values",__future__(1); os(1); pathlib(1),70
desktop,desktop/src-tauri/target/debug/nam-mixer-backend/_internal/training_support/hybrid/envelope.py,180,227,0,unknown,"rms_envelope_db, BoundedEnvelopeConfig, bounded_envelope_max_history_ms, bounded_envelope_max_history_samples, bounded_causal_envelope_db",__future__(1); dataclasses(1); numpy(1),48
desktop,desktop/src-tauri/target/debug/nam-mixer-backend/_internal/training_support/hybrid/fixed_blend.py,206,257,0,unknown,"BlendLevelMatchResult, compute_active_trim, BlendResult, build_fixed_blend, BlendDesign",(6); __future__(1); json(1),19
desktop,desktop/src-tauri/target/debug/nam-mixer-backend/_internal/training_support/hybrid/input_profiles.py,182,203,0,unknown,"db_to_amplitude, InputProfile, get_profile, resolve_profile_gain_db",__future__(1); dataclasses(1); typing(1),23
desktop,desktop/src-tauri/target/debug/nam-mixer-backend/_internal/training_support/hybrid/kaggle_training.py,1116,1427,0,unknown,"CliResult, KaggleCliUnavailable, KaggleCli, KaggleJob, save_job",(8); __future__(1); csv(1),390
desktop,desktop/src-tauri/target/debug/nam-mixer-backend/_internal/training_support/hybrid/level_match.py,59,75,0,unknown,"LevelMatchResult, compute_crossover_trim",__future__(1); dataclasses(1); numpy(1),8
desktop,desktop/src-tauri/target/debug/nam-mixer-backend/_internal/training_support/hybrid/local_llm.py,685,798,0,unknown,"LocalLlmError, AiConfig, LocalRecipe, LocalConversationReply, status",urllib(3); environment(1); __future__(1),347
desktop,desktop/src-tauri/target/debug/nam-mixer-backend/_internal/training_support/hybrid/local_training.py,321,411,0,unknown,"LocalTrainingManager, design_id, python, is_ready, cancel",__future__(1); os(1); json(1),128
desktop,desktop/src-tauri/target/debug/nam-mixer-backend/_internal/training_support/hybrid/metadata.py,71,92,0,unknown,"HybridMetadata, suggested_nam_filename, to_dict, write_sidecar",__future__(1); json(1); re(1),13
desktop,desktop/src-tauri/target/debug/nam-mixer-backend/_internal/training_support/hybrid/modes/__init__.py,1,1,0,unknown,,,1
desktop,desktop/src-tauri/target/debug/nam-mixer-backend/_internal/training_support/hybrid/modes/blend.py,58,77,0,unknown,"smoothstep_curve, CrossoverConfig, blend_weight, blend",__future__(1); dataclasses(1); typing(1),6
desktop,desktop/src-tauri/target/debug/nam-mixer-backend/_internal/training_support/hybrid/modes/blend_training_target.py,195,232,0,unknown,"build_blend_training_manifest, generate_blend_training_bundle",(8); __future__(1); json(1),17
desktop,desktop/src-tauri/target/debug/nam-mixer-backend/_internal/training_support/hybrid/modes/cab_embed_training_target.py,167,187,0,unknown,"CabEmbedDesign, generate_cab_embed_training_bundle",(7); __future__(1); json(1),16
desktop,desktop/src-tauri/target/debug/nam-mixer-backend/_internal/training_support/hybrid/modes/character_analysis.py,161,212,0,unknown,"CharacterAnalysisConfig, AmpLevelAnalysis, AmpCharacterAnalysis, sha256_file, analyse_rendered_audio",__future__(1); hashlib(1); json(1),37
desktop,desktop/src-tauri/target/debug/nam-mixer-backend/_internal/training_support/hybrid/modes/character_blend.py,389,495,0,unknown,"character_temporal_history_samples, CharacterBlendDesign, CharacterBlendResult, LowLevelResponseCheck, evaluate_low_level_response",(5); __future__(1); json(1),121
desktop,desktop/src-tauri/target/debug/nam-mixer-backend/_internal/training_support/hybrid/modes/character_training_target.py,289,325,0,unknown,"evaluate_bundle_low_level_response, build_export_validation_reference, check_export_low_level_response, check_full_low_level_response, build_character_training_manifest",(9); __future__(1); json(1),95
desktop,desktop/src-tauri/target/debug/nam-mixer-backend/_internal/training_support/hybrid/modes/design.py,135,178,0,unknown,"HybridDesign, freeze_design, to_dict, write_json, read_json",(4); __future__(1); json(1),8
desktop,desktop/src-tauri/target/debug/nam-mixer-backend/_internal/training_support/hybrid/modes/fixed_blend.py,206,257,0,unknown,"BlendLevelMatchResult, compute_active_trim, BlendResult, build_fixed_blend, BlendDesign",(6); __future__(1); json(1),19
desktop,desktop/src-tauri/target/debug/nam-mixer-backend/_internal/training_support/hybrid/modes/metadata.py,63,83,0,unknown,"HybridMetadata, suggested_nam_filename, to_dict",__future__(1); re(1); dataclasses(1),13
desktop,desktop/src-tauri/target/debug/nam-mixer-backend/_internal/training_support/hybrid/modes/training_target.py,618,783,0,unknown,"TrainingInputError, TrainingInputInfo, validate_training_input, TargetSafetyReport, TrainingBundle",(19); __future__(1); hashlib(1),143
desktop,desktop/src-tauri/target/debug/nam-mixer-backend/_internal/training_support/hybrid/modes/wizard.py,55,69,0,unknown,summarise_amp_pair,__future__(1); (1),28
desktop,desktop/src-tauri/target/debug/nam-mixer-backend/_internal/training_support/hybrid/multi_blend.py,44,57,0,unknown,"GainChain, chain_weights, multi_blend, input_scale_db, designated_gain_db",__future__(1); dataclasses(1); numpy(1),15
desktop,desktop/src-tauri/target/debug/nam-mixer-backend/_internal/training_support/hybrid/nam_loader.py,111,143,0,unknown,"NamModel, load_nam, architecture, config, sample_rate",__future__(1); json(1); dataclasses(1),26
desktop,desktop/src-tauri/target/debug/nam-mixer-backend/_internal/training_support/hybrid/nam_provenance.py,92,115,0,unknown,"source_metadata_fields, agreed_tone_type, export_name_suffix, cabinet_display_name, build_export_name",__future__(1); typing(1); (1),31
desktop,desktop/src-tauri/target/debug/nam-mixer-backend/_internal/training_support/hybrid/nam_tools.py,188,228,0,unknown,"NamToolError, load_nam, calculate_gain_multiplier, find_output_scalers, describe_nam_tools",__future__(1); copy(1); json(1),95
desktop,desktop/src-tauri/target/debug/nam-mixer-backend/_internal/training_support/hybrid/ollama_pull.py,67,82,0,unknown,"OllamaPullError, ollama_available, start_pull, get_pull_status",__future__(1); shutil(1); subprocess(1),19
desktop,desktop/src-tauri/target/debug/nam-mixer-backend/_internal/training_support/hybrid/paths.py,9,12,0,unknown,,__future__(1); pathlib(1),2
desktop,desktop/src-tauri/target/debug/nam-mixer-backend/_internal/training_support/hybrid/pipeline.py,198,244,0,unknown,"RenderedPair, render_pair, HybridResult, build_hybrid",(8); __future__(1); dataclasses(1),31
desktop,desktop/src-tauri/target/debug/nam-mixer-backend/_internal/training_support/hybrid/receptive_field.py,291,339,0,unknown,"ReceptiveFieldUnavailable, compute_source_nam_receptive_field, A2ReceptiveField, load_packed_a2_config, compute_a2_receptive_field",__future__(1); importlib(1); json(1),67
desktop,desktop/src-tauri/target/debug/nam-mixer-backend/_internal/training_support/hybrid/render.py,139,170,0,unknown,"NamRenderError, find_nam_render_exe, find_sequential_nam_render_exe, sequential_renderer_record, render",__future__(1); shutil(1); os(1),64
desktop,desktop/src-tauri/target/debug/nam-mixer-backend/_internal/training_support/hybrid/render_bootstrap.py,74,91,0,unknown,"NamRenderDownloadError, default_dest_path, download_prebuilt_nam_render",urllib(2); __future__(1); json(1),18
desktop,desktop/src-tauri/target/debug/nam-mixer-backend/_internal/training_support/hybrid/research.py,244,290,0,unknown,"web_notes, tone3000_search, tone3000_models, tone3000_model_download, tone3000_notes",urllib(2); __future__(1); ipaddress(1),120
desktop,desktop/src-tauri/target/debug/nam-mixer-backend/_internal/training_support/hybrid/safety.py,106,136,0,unknown,"SafetyReport, check_audio, apply_peak_ceiling, compute_auto_output_gain_db, apply_output_gain",__future__(1); dataclasses(1); numpy(1),29
desktop,desktop/src-tauri/target/debug/nam-mixer-backend/_internal/training_support/hybrid/sequential_nam.py,187,223,0,unknown,"SequentialNamError, weights_sha256, extract_full_a2_child, build_embedded_sequential, package_embedded_sequential",__future__(1); hashlib(1); json(1),58
desktop,desktop/src-tauri/target/debug/nam-mixer-backend/_internal/training_support/hybrid/services/__init__.py,1,1,0,unknown,,,1
desktop,desktop/src-tauri/target/debug/nam-mixer-backend/_internal/training_support/hybrid/services/env_file.py,134,162,0,unknown,"read_env_value, read_saved_env_value, read_env_values, read_saved_env_values, write_env_values",__future__(1); os(1); pathlib(1),78
desktop,desktop/src-tauri/target/debug/nam-mixer-backend/_internal/training_support/hybrid/services/local_llm.py,1052,1273,0,unknown,"LocalLlmError, prompt_requests_recipe, AiConfig, LocalRecipe, LocalConversationReply",urllib(3); environment(1); __future__(1),471
desktop,desktop/src-tauri/target/debug/nam-mixer-backend/_internal/training_support/hybrid/services/ollama_pull.py,67,84,0,unknown,"OllamaPullError, ollama_available, start_pull, get_pull_status",__future__(1); shutil(1); subprocess(1),19
desktop,desktop/src-tauri/target/debug/nam-mixer-backend/_internal/training_support/hybrid/services/research.py,256,309,0,unknown,"web_notes, tone3000_search, tone3000_models, tone3000_model_download, handle_starttag",urllib(2); __future__(1); ipaddress(1),121
desktop,desktop/src-tauri/target/debug/nam-mixer-backend/_internal/training_support/hybrid/services/settings.py,425,486,0,unknown,"SettingField, SettingsValidationError, get_settings, save_settings, experimental_architectures_enabled",hybrid(3); __future__(1); os(1),121
desktop,desktop/src-tauri/target/debug/nam-mixer-backend/_internal/training_support/hybrid/services/update_check.py,75,99,0,unknown,"UpdateCheckError, UpdateCheckResult, check_for_update",urllib(2); __future__(1); json(1),41
desktop,desktop/src-tauri/target/debug/nam-mixer-backend/_internal/training_support/hybrid/settings.py,306,359,0,unknown,"SettingField, SettingsValidationError, get_settings, save_settings",hybrid(2); __future__(1); dataclasses(1),99
desktop,desktop/src-tauri/target/debug/nam-mixer-backend/_internal/training_support/hybrid/training/__init__.py,1,1,0,unknown,,,2
desktop,desktop/src-tauri/target/debug/nam-mixer-backend/_internal/training_support/hybrid/training/a2_training_settings.py,117,178,0,unknown,"A2TrainingSettings, settings_for_preset, custom_split_train_stop, settings_for, user_metadata_kwargs",__future__(1); dataclasses(1); (1),58
desktop,desktop/src-tauri/target/debug/nam-mixer-backend/_internal/training_support/hybrid/training/embedded_completion.py,65,86,0,unknown,complete_embedded_artifact,(8); __future__(1); pathlib(1),27
desktop,desktop/src-tauri/target/debug/nam-mixer-backend/_internal/training_support/hybrid/training/kaggle_training.py,1221,1567,0,unknown,"CliResult, KaggleCliUnavailable, KaggleCli, KaggleJob, save_job",(9); __future__(1); csv(1),434
desktop,desktop/src-tauri/target/debug/nam-mixer-backend/_internal/training_support/hybrid/training/local_training.py,347,456,0,unknown,"LocalTrainingManager, design_id, python, is_ready, cancel",__future__(1); codecs(1); os(1),144
desktop,desktop/src-tauri/target/debug/nam-mixer-backend/_internal/training_support/hybrid/training/nam_provenance.py,147,187,0,unknown,"source_metadata_fields, agreed_tone_type, cabinet_display_name, cab_export_mode, default_model_base_name",__future__(1); typing(1); (1),68
desktop,desktop/src-tauri/target/debug/nam-mixer-backend/_internal/training_support/hybrid/training/nam_tools.py,209,254,0,unknown,"NamToolError, load_nam, calculate_gain_multiplier, find_output_scalers, describe_nam_tools",__future__(1); copy(1); json(1),107
desktop,desktop/src-tauri/target/debug/nam-mixer-backend/_internal/training_support/hybrid/training/sequential_nam.py,187,221,0,unknown,"SequentialNamError, weights_sha256, extract_full_a2_child, build_embedded_sequential, package_embedded_sequential",(2); __future__(1); hashlib(1),54
desktop,desktop/src-tauri/target/debug/nam-mixer-backend/_internal/training_support/hybrid/training/validation.py,162,199,0,unknown,"ReferenceHybridResult, load_frozen_design, render_processed_reference, render_reference_hybrid, render_reference_blend",(11); __future__(1); dataclasses(1),28
desktop,desktop/src-tauri/target/debug/nam-mixer-backend/_internal/training_support/hybrid/training/validation_report.py,116,131,0,unknown,build_validation_report,__future__(1); math(1); typing(1),68
desktop,desktop/src-tauri/target/debug/nam-mixer-backend/_internal/training_support/hybrid/training_target.py,571,719,0,unknown,"TrainingInputError, TrainingInputInfo, validate_training_input, TargetSafetyReport, TrainingBundle",(18); __future__(1); hashlib(1),126
desktop,desktop/src-tauri/target/debug/nam-mixer-backend/_internal/training_support/hybrid/update_check.py,75,97,0,unknown,"UpdateCheckError, UpdateCheckResult, check_for_update",urllib(2); __future__(1); json(1),40
desktop,desktop/src-tauri/target/debug/nam-mixer-backend/_internal/training_support/hybrid/validation.py,162,199,0,unknown,"ReferenceHybridResult, load_frozen_design, render_processed_reference, render_reference_hybrid, render_reference_blend",(11); __future__(1); dataclasses(1),28
desktop,desktop/src-tauri/target/debug/nam-mixer-backend/_internal/training_support/hybrid/validation_report.py,116,128,0,unknown,build_validation_report,__future__(1); math(1); typing(1),66
desktop,desktop/src-tauri/target/debug/nam-mixer-backend/_internal/training_support/hybrid/wizard.py,55,69,0,unknown,summarise_amp_pair,__future__(1); (1),28
desktop,desktop/src-tauri/target/debug/nam-mixer-backend/_internal/training_support/scripts/train_a2.py,609,767,0,unknown,"TrainingAbort, print_environment_diagnostics, load_and_validate_manifest, check_receptive_field, validate_exported_nam",hybrid(10); nam(5); __future__(1),189
desktop,desktop/src-tauri/target/release/bundle/macos/NAM Mixer.app/Contents/Resources/nam-mixer-backend/_internal/training_support/cloud/kaggle/train_a2_cloud.py,522,640,0,unknown,"CloudTrainingError, settings_for_preset, custom_split_train_stop, apply_custom_split_patch, print_diagnostics",nam(7); importlib(2); __future__(1),180
desktop,desktop/src-tauri/target/release/bundle/macos/NAM Mixer.app/Contents/Resources/nam-mixer-backend/_internal/training_support/hybrid/__init__.py,15,16,0,unknown,,,4
desktop,desktop/src-tauri/target/release/bundle/macos/NAM Mixer.app/Contents/Resources/nam-mixer-backend/_internal/training_support/hybrid/continuous_gain/__init__.py,1,1,0,unknown,,,1
desktop,desktop/src-tauri/target/release/bundle/macos/NAM Mixer.app/Contents/Resources/nam-mixer-backend/_internal/training_support/hybrid/continuous_gain/anchors.py,54,71,0,unknown,"effective_min_sep, response_anchors, fixed_ladder_anchors, position_input_gain_db, mapping_table",__future__(1); numpy(1),45
desktop,desktop/src-tauri/target/release/bundle/macos/NAM Mixer.app/Contents/Resources/nam-mixer-backend/_internal/training_support/hybrid/continuous_gain/audit.py,183,204,0,unknown,"music_lag, audit_captures, alignment_shift, apply_alignment_shift, r_music",(2); __future__(1); typing(1),121
desktop,desktop/src-tauri/target/release/bundle/macos/NAM Mixer.app/Contents/Resources/nam-mixer-backend/_internal/training_support/hybrid/continuous_gain/bundle.py,169,206,0,unknown,"FcRecipe, sha256_f32, BuiltAudio, build_training_audio, make_chain",(12); __future__(1); hashlib(1),37
desktop,desktop/src-tauri/target/release/bundle/macos/NAM Mixer.app/Contents/Resources/nam-mixer-backend/_internal/training_support/hybrid/continuous_gain/excitation.py,70,80,0,unknown,"level_swept_excitation, active_rms",__future__(1); numpy(1),17
desktop,desktop/src-tauri/target/release/bundle/macos/NAM Mixer.app/Contents/Resources/nam-mixer-backend/_internal/training_support/hybrid/continuous_gain/multi_blend.py,44,57,0,unknown,"GainChain, chain_weights, multi_blend, input_scale_db, designated_gain_db",__future__(1); dataclasses(1); numpy(1),15
desktop,desktop/src-tauri/target/release/bundle/macos/NAM Mixer.app/Contents/Resources/nam-mixer-backend/_internal/training_support/hybrid/continuous_gain/parallel.py,22,28,0,unknown,"default_workers, pmap",__future__(1); os(1); concurrent(1),11
desktop,desktop/src-tauri/target/release/bundle/macos/NAM Mixer.app/Contents/Resources/nam-mixer-backend/_internal/training_support/hybrid/continuous_gain/probe.py,116,146,0,unknown,"crest_db, hf_ratio_db, features, tone_signal, harmonics",(3); __future__(1); typing(1),31
desktop,desktop/src-tauri/target/release/bundle/macos/NAM Mixer.app/Contents/Resources/nam-mixer-backend/_internal/training_support/hybrid/continuous_gain/profile.py,88,94,0,unknown,build_profile,__future__(1); numpy(1); scipy(1),81
desktop,desktop/src-tauri/target/release/bundle/macos/NAM Mixer.app/Contents/Resources/nam-mixer-backend/_internal/training_support/hybrid/continuous_gain/project.py,297,336,0,unknown,"CgProjectError, suggest_position, CgProject, create, state",(12); __future__(1); json(1),129
desktop,desktop/src-tauri/target/release/bundle/macos/NAM Mixer.app/Contents/Resources/nam-mixer-backend/_internal/training_support/hybrid/continuous_gain/selection.py,203,228,0,unknown,"SelectionAnalysis, select_captures, evaluate_set, resolve_selection, val",__future__(1); itertools(1); numpy(1),177
desktop,desktop/src-tauri/target/release/bundle/macos/NAM Mixer.app/Contents/Resources/nam-mixer-backend/_internal/training_support/hybrid/continuous_gain/validation.py,140,169,0,unknown,"check_compatibility, check_safety, check_progression, write_audition, one",(7); __future__(1); json(1),62
desktop,desktop/src-tauri/target/release/bundle/macos/NAM Mixer.app/Contents/Resources/nam-mixer-backend/_internal/training_support/hybrid/core/__init__.py,1,1,0,unknown,,,1
desktop,desktop/src-tauri/target/release/bundle/macos/NAM Mixer.app/Contents/Resources/nam-mixer-backend/_internal/training_support/hybrid/core/align.py,97,125,0,unknown,"estimate_offset, align_to_reference",__future__(1); logging(1); numpy(1),34
desktop,desktop/src-tauri/target/release/bundle/macos/NAM Mixer.app/Contents/Resources/nam-mixer-backend/_internal/training_support/hybrid/core/audio_metrics.py,114,137,0,unknown,"is_audible_dbfs, rms_dbfs, spectral_magnitude_correlation, framed_spectral_correlation, multi_resolution_log_spectral_distance",__future__(1); numpy(1),35
desktop,desktop/src-tauri/target/release/bundle/macos/NAM Mixer.app/Contents/Resources/nam-mixer-backend/_internal/training_support/hybrid/core/cab_ir.py,360,459,0,unknown,"CabIrError, PreparedCabIr, load_and_prepare_cab_ir, get_prepared_cab_ir, get_frozen_prepared_cab_ir",dataclasses(2); __future__(1); hashlib(1),111
desktop,desktop/src-tauri/target/release/bundle/macos/NAM Mixer.app/Contents/Resources/nam-mixer-backend/_internal/training_support/hybrid/core/calibration.py,69,88,0,unknown,"input_calibration_gain_db, CalibrationResult, resolve_calibration",__future__(1); dataclasses(1); typing(1),18
desktop,desktop/src-tauri/target/release/bundle/macos/NAM Mixer.app/Contents/Resources/nam-mixer-backend/_internal/training_support/hybrid/core/coverage.py,66,99,0,unknown,"CoverageResult, active_signal_mask, analyse_profile_coverage, envelope_percentiles, suggest_crossover_dbfs",__future__(1); dataclasses(1); numpy(1),22
desktop,desktop/src-tauri/target/release/bundle/macos/NAM Mixer.app/Contents/Resources/nam-mixer-backend/_internal/training_support/hybrid/core/envelope.py,179,226,0,unknown,"rms_envelope_db, BoundedEnvelopeConfig, bounded_envelope_max_history_ms, bounded_envelope_max_history_samples, bounded_causal_envelope_db",__future__(1); dataclasses(1); numpy(1),48
desktop,desktop/src-tauri/target/release/bundle/macos/NAM Mixer.app/Contents/Resources/nam-mixer-backend/_internal/training_support/hybrid/core/input_profiles.py,182,203,0,unknown,"db_to_amplitude, InputProfile, get_profile, resolve_profile_gain_db",__future__(1); dataclasses(1); typing(1),23
desktop,desktop/src-tauri/target/release/bundle/macos/NAM Mixer.app/Contents/Resources/nam-mixer-backend/_internal/training_support/hybrid/core/level_match.py,59,75,0,unknown,"LevelMatchResult, compute_crossover_trim",__future__(1); dataclasses(1); numpy(1),8
desktop,desktop/src-tauri/target/release/bundle/macos/NAM Mixer.app/Contents/Resources/nam-mixer-backend/_internal/training_support/hybrid/core/nam_loader.py,115,149,0,unknown,"NamModel, load_nam, architecture, config, sample_rate",__future__(1); json(1); dataclasses(1),32
desktop,desktop/src-tauri/target/release/bundle/macos/NAM Mixer.app/Contents/Resources/nam-mixer-backend/_internal/training_support/hybrid/core/pipeline.py,220,271,0,unknown,"RenderedPair, render_pair, amp_input_peak_warnings, HybridResult, build_hybrid",(8); __future__(1); dataclasses(1),36
desktop,desktop/src-tauri/target/release/bundle/macos/NAM Mixer.app/Contents/Resources/nam-mixer-backend/_internal/training_support/hybrid/core/receptive_field.py,291,339,0,unknown,"ReceptiveFieldUnavailable, compute_source_nam_receptive_field, A2ReceptiveField, load_packed_a2_config, compute_a2_receptive_field",__future__(1); importlib(1); json(1),67
desktop,desktop/src-tauri/target/release/bundle/macos/NAM Mixer.app/Contents/Resources/nam-mixer-backend/_internal/training_support/hybrid/core/render.py,143,185,0,unknown,"NamRenderError, find_nam_render_exe, find_sequential_nam_render_exe, sequential_renderer_record, render",(2); __future__(1); shutil(1),76
desktop,desktop/src-tauri/target/release/bundle/macos/NAM Mixer.app/Contents/Resources/nam-mixer-backend/_internal/training_support/hybrid/core/render_bootstrap.py,95,123,0,unknown,"NamRenderDownloadError, default_dest_path, download_prebuilt_nam_render",urllib(2); __future__(1); json(1),27
desktop,desktop/src-tauri/target/release/bundle/macos/NAM Mixer.app/Contents/Resources/nam-mixer-backend/_internal/training_support/hybrid/core/safety.py,107,138,0,unknown,"SafetyReport, check_audio, apply_peak_ceiling, compute_auto_output_gain_db, apply_output_gain",__future__(1); dataclasses(1); numpy(1),30
desktop,desktop/src-tauri/target/release/bundle/macos/NAM Mixer.app/Contents/Resources/nam-mixer-backend/_internal/training_support/hybrid/modes/__init__.py,1,1,0,unknown,,,1
desktop,desktop/src-tauri/target/release/bundle/macos/NAM Mixer.app/Contents/Resources/nam-mixer-backend/_internal/training_support/hybrid/modes/blend.py,58,77,0,unknown,"smoothstep_curve, CrossoverConfig, blend_weight, blend",__future__(1); dataclasses(1); typing(1),6
desktop,desktop/src-tauri/target/release/bundle/macos/NAM Mixer.app/Contents/Resources/nam-mixer-backend/_internal/training_support/hybrid/modes/blend_training_target.py,195,232,0,unknown,"build_blend_training_manifest, generate_blend_training_bundle",(8); __future__(1); json(1),17
desktop,desktop/src-tauri/target/release/bundle/macos/NAM Mixer.app/Contents/Resources/nam-mixer-backend/_internal/training_support/hybrid/modes/cab_embed_training_target.py,167,187,0,unknown,"CabEmbedDesign, generate_cab_embed_training_bundle",(7); __future__(1); json(1),16
desktop,desktop/src-tauri/target/release/bundle/macos/NAM Mixer.app/Contents/Resources/nam-mixer-backend/_internal/training_support/hybrid/modes/character_analysis.py,161,212,0,unknown,"CharacterAnalysisConfig, AmpLevelAnalysis, AmpCharacterAnalysis, sha256_file, analyse_rendered_audio",__future__(1); hashlib(1); json(1),37
desktop,desktop/src-tauri/target/release/bundle/macos/NAM Mixer.app/Contents/Resources/nam-mixer-backend/_internal/training_support/hybrid/modes/character_blend.py,389,495,0,unknown,"character_temporal_history_samples, CharacterBlendDesign, CharacterBlendResult, LowLevelResponseCheck, evaluate_low_level_response",(5); __future__(1); json(1),121
desktop,desktop/src-tauri/target/release/bundle/macos/NAM Mixer.app/Contents/Resources/nam-mixer-backend/_internal/training_support/hybrid/modes/character_training_target.py,289,325,0,unknown,"evaluate_bundle_low_level_response, build_export_validation_reference, check_export_low_level_response, check_full_low_level_response, build_character_training_manifest",(9); __future__(1); json(1),95
desktop,desktop/src-tauri/target/release/bundle/macos/NAM Mixer.app/Contents/Resources/nam-mixer-backend/_internal/training_support/hybrid/modes/design.py,135,178,0,unknown,"HybridDesign, freeze_design, to_dict, write_json, read_json",(4); __future__(1); json(1),8
desktop,desktop/src-tauri/target/release/bundle/macos/NAM Mixer.app/Contents/Resources/nam-mixer-backend/_internal/training_support/hybrid/modes/fixed_blend.py,206,257,0,unknown,"BlendLevelMatchResult, compute_active_trim, BlendResult, build_fixed_blend, BlendDesign",(6); __future__(1); json(1),19
desktop,desktop/src-tauri/target/release/bundle/macos/NAM Mixer.app/Contents/Resources/nam-mixer-backend/_internal/training_support/hybrid/modes/metadata.py,63,83,0,unknown,"HybridMetadata, suggested_nam_filename, to_dict",__future__(1); re(1); dataclasses(1),13
desktop,desktop/src-tauri/target/release/bundle/macos/NAM Mixer.app/Contents/Resources/nam-mixer-backend/_internal/training_support/hybrid/modes/training_target.py,618,783,0,unknown,"TrainingInputError, TrainingInputInfo, validate_training_input, TargetSafetyReport, TrainingBundle",(19); __future__(1); hashlib(1),143
desktop,desktop/src-tauri/target/release/bundle/macos/NAM Mixer.app/Contents/Resources/nam-mixer-backend/_internal/training_support/hybrid/modes/wizard.py,55,69,0,unknown,summarise_amp_pair,__future__(1); (1),28
desktop,desktop/src-tauri/target/release/bundle/macos/NAM Mixer.app/Contents/Resources/nam-mixer-backend/_internal/training_support/hybrid/paths.py,9,12,0,unknown,,__future__(1); pathlib(1),2
desktop,desktop/src-tauri/target/release/bundle/macos/NAM Mixer.app/Contents/Resources/nam-mixer-backend/_internal/training_support/hybrid/services/__init__.py,1,1,0,unknown,,,1
desktop,desktop/src-tauri/target/release/bundle/macos/NAM Mixer.app/Contents/Resources/nam-mixer-backend/_internal/training_support/hybrid/services/env_file.py,134,162,0,unknown,"read_env_value, read_saved_env_value, read_env_values, read_saved_env_values, write_env_values",__future__(1); os(1); pathlib(1),78
desktop,desktop/src-tauri/target/release/bundle/macos/NAM Mixer.app/Contents/Resources/nam-mixer-backend/_internal/training_support/hybrid/services/local_llm.py,1052,1273,0,unknown,"LocalLlmError, prompt_requests_recipe, AiConfig, LocalRecipe, LocalConversationReply",urllib(3); environment(1); __future__(1),471
desktop,desktop/src-tauri/target/release/bundle/macos/NAM Mixer.app/Contents/Resources/nam-mixer-backend/_internal/training_support/hybrid/services/ollama_pull.py,67,84,0,unknown,"OllamaPullError, ollama_available, start_pull, get_pull_status",__future__(1); shutil(1); subprocess(1),19
desktop,desktop/src-tauri/target/release/bundle/macos/NAM Mixer.app/Contents/Resources/nam-mixer-backend/_internal/training_support/hybrid/services/research.py,256,309,0,unknown,"web_notes, tone3000_search, tone3000_models, tone3000_model_download, handle_starttag",urllib(2); __future__(1); ipaddress(1),121
desktop,desktop/src-tauri/target/release/bundle/macos/NAM Mixer.app/Contents/Resources/nam-mixer-backend/_internal/training_support/hybrid/services/settings.py,425,486,0,unknown,"SettingField, SettingsValidationError, get_settings, save_settings, experimental_architectures_enabled",hybrid(3); __future__(1); os(1),121
desktop,desktop/src-tauri/target/release/bundle/macos/NAM Mixer.app/Contents/Resources/nam-mixer-backend/_internal/training_support/hybrid/services/update_check.py,75,99,0,unknown,"UpdateCheckError, UpdateCheckResult, check_for_update",urllib(2); __future__(1); json(1),41
desktop,desktop/src-tauri/target/release/bundle/macos/NAM Mixer.app/Contents/Resources/nam-mixer-backend/_internal/training_support/hybrid/training/__init__.py,1,1,0,unknown,,,2
desktop,desktop/src-tauri/target/release/bundle/macos/NAM Mixer.app/Contents/Resources/nam-mixer-backend/_internal/training_support/hybrid/training/a2_training_settings.py,117,178,0,unknown,"A2TrainingSettings, settings_for_preset, custom_split_train_stop, settings_for, user_metadata_kwargs",__future__(1); dataclasses(1); (1),58
desktop,desktop/src-tauri/target/release/bundle/macos/NAM Mixer.app/Contents/Resources/nam-mixer-backend/_internal/training_support/hybrid/training/embedded_completion.py,65,86,0,unknown,complete_embedded_artifact,(8); __future__(1); pathlib(1),27
desktop,desktop/src-tauri/target/release/bundle/macos/NAM Mixer.app/Contents/Resources/nam-mixer-backend/_internal/training_support/hybrid/training/kaggle_training.py,1221,1567,0,unknown,"CliResult, KaggleCliUnavailable, KaggleCli, KaggleJob, save_job",(9); __future__(1); csv(1),434
desktop,desktop/src-tauri/target/release/bundle/macos/NAM Mixer.app/Contents/Resources/nam-mixer-backend/_internal/training_support/hybrid/training/local_training.py,347,456,0,unknown,"LocalTrainingManager, design_id, python, is_ready, cancel",__future__(1); codecs(1); os(1),144
desktop,desktop/src-tauri/target/release/bundle/macos/NAM Mixer.app/Contents/Resources/nam-mixer-backend/_internal/training_support/hybrid/training/nam_provenance.py,147,187,0,unknown,"source_metadata_fields, agreed_tone_type, cabinet_display_name, cab_export_mode, default_model_base_name",__future__(1); typing(1); (1),68
desktop,desktop/src-tauri/target/release/bundle/macos/NAM Mixer.app/Contents/Resources/nam-mixer-backend/_internal/training_support/hybrid/training/nam_tools.py,209,254,0,unknown,"NamToolError, load_nam, calculate_gain_multiplier, find_output_scalers, describe_nam_tools",__future__(1); copy(1); json(1),107
desktop,desktop/src-tauri/target/release/bundle/macos/NAM Mixer.app/Contents/Resources/nam-mixer-backend/_internal/training_support/hybrid/training/sequential_nam.py,187,221,0,unknown,"SequentialNamError, weights_sha256, extract_full_a2_child, build_embedded_sequential, package_embedded_sequential",(2); __future__(1); hashlib(1),54
desktop,desktop/src-tauri/target/release/bundle/macos/NAM Mixer.app/Contents/Resources/nam-mixer-backend/_internal/training_support/hybrid/training/validation.py,162,199,0,unknown,"ReferenceHybridResult, load_frozen_design, render_processed_reference, render_reference_hybrid, render_reference_blend",(11); __future__(1); dataclasses(1),28
desktop,desktop/src-tauri/target/release/bundle/macos/NAM Mixer.app/Contents/Resources/nam-mixer-backend/_internal/training_support/hybrid/training/validation_report.py,116,131,0,unknown,build_validation_report,__future__(1); math(1); typing(1),68
desktop,desktop/src-tauri/target/release/bundle/macos/NAM Mixer.app/Contents/Resources/nam-mixer-backend/_internal/training_support/scripts/train_a2.py,609,767,0,unknown,"TrainingAbort, print_environment_diagnostics, load_and_validate_manifest, check_receptive_field, validate_exported_nam",hybrid(10); nam(5); __future__(1),189
desktop,desktop/src-tauri/target/release/nam-mixer-backend/_internal/training_support/cloud/kaggle/train_a2_cloud.py,522,640,0,unknown,"CloudTrainingError, settings_for_preset, custom_split_train_stop, apply_custom_split_patch, print_diagnostics",nam(7); importlib(2); __future__(1),180
desktop,desktop/src-tauri/target/release/nam-mixer-backend/_internal/training_support/hybrid/__init__.py,15,16,0,unknown,,,4
desktop,desktop/src-tauri/target/release/nam-mixer-backend/_internal/training_support/hybrid/a2_training_settings.py,135,207,0,unknown,"A2TrainingSettings, settings_for_preset, custom_split_train_stop, settings_for, user_metadata_kwargs",__future__(1); dataclasses(1); pathlib(1),78
desktop,desktop/src-tauri/target/release/nam-mixer-backend/_internal/training_support/hybrid/align.py,98,122,0,unknown,"estimate_offset, align_to_reference",__future__(1); logging(1); numpy(1),31
desktop,desktop/src-tauri/target/release/nam-mixer-backend/_internal/training_support/hybrid/audio_metrics.py,127,145,0,unknown,"rms_dbfs, spectral_magnitude_correlation, framed_spectral_correlation, multi_resolution_log_spectral_distance, envelope_error_db",__future__(1); numpy(1),37
desktop,desktop/src-tauri/target/release/nam-mixer-backend/_internal/training_support/hybrid/blend.py,58,77,0,unknown,"smoothstep_curve, CrossoverConfig, blend_weight, blend",__future__(1); dataclasses(1); typing(1),6
desktop,desktop/src-tauri/target/release/nam-mixer-backend/_internal/training_support/hybrid/blend_training_target.py,251,291,0,unknown,"build_blend_training_manifest, generate_blend_training_bundle",(9); __future__(1); json(1),24
desktop,desktop/src-tauri/target/release/nam-mixer-backend/_internal/training_support/hybrid/cab_ir.py,355,447,0,unknown,"CabIrError, PreparedCabIr, load_and_prepare_cab_ir, get_prepared_cab_ir, get_frozen_prepared_cab_ir",dataclasses(2); __future__(1); hashlib(1),106
desktop,desktop/src-tauri/target/release/nam-mixer-backend/_internal/training_support/hybrid/calibration.py,69,88,0,unknown,"input_calibration_gain_db, CalibrationResult, resolve_calibration",__future__(1); dataclasses(1); typing(1),18
desktop,desktop/src-tauri/target/release/nam-mixer-backend/_internal/training_support/hybrid/cg_anchors.py,54,71,0,unknown,"effective_min_sep, response_anchors, fixed_ladder_anchors, position_input_gain_db, mapping_table",__future__(1); numpy(1),45
desktop,desktop/src-tauri/target/release/nam-mixer-backend/_internal/training_support/hybrid/cg_audit.py,173,192,0,unknown,"music_lag, audit_captures, alignment_shift, r_music",(2); __future__(1); typing(1),117
desktop,desktop/src-tauri/target/release/nam-mixer-backend/_internal/training_support/hybrid/cg_bundle.py,166,206,0,unknown,"FcRecipe, sha256_f32, BuiltAudio, build_training_audio, make_chain",(9); __future__(1); hashlib(1),37
desktop,desktop/src-tauri/target/release/nam-mixer-backend/_internal/training_support/hybrid/cg_excitation.py,70,80,0,unknown,"level_swept_excitation, active_rms",__future__(1); numpy(1),17
desktop,desktop/src-tauri/target/release/nam-mixer-backend/_internal/training_support/hybrid/cg_parallel.py,22,28,0,unknown,"default_workers, pmap",__future__(1); os(1); concurrent(1),11
desktop,desktop/src-tauri/target/release/nam-mixer-backend/_internal/training_support/hybrid/cg_probe.py,116,148,0,unknown,"crest_db, hf_ratio_db, features, tone_signal, harmonics",__future__(1); typing(1); numpy(1),31
desktop,desktop/src-tauri/target/release/nam-mixer-backend/_internal/training_support/hybrid/cg_profile.py,88,94,0,unknown,build_profile,__future__(1); numpy(1); scipy(1),81
desktop,desktop/src-tauri/target/release/nam-mixer-backend/_internal/training_support/hybrid/cg_project.py,283,322,0,unknown,"CgProjectError, suggest_position, CgProject, create, state",(12); __future__(1); json(1),124
desktop,desktop/src-tauri/target/release/nam-mixer-backend/_internal/training_support/hybrid/cg_selection.py,197,219,0,unknown,"SelectionAnalysis, select_captures, evaluate_set, resolve_selection, val",__future__(1); itertools(1); numpy(1),174
desktop,desktop/src-tauri/target/release/nam-mixer-backend/_internal/training_support/hybrid/cg_validation.py,136,167,0,unknown,"check_compatibility, check_safety, check_progression, write_audition, one",(6); __future__(1); json(1),60
desktop,desktop/src-tauri/target/release/nam-mixer-backend/_internal/training_support/hybrid/character_analysis.py,106,139,0,unknown,"CharacterAnalysisConfig, AmpLevelAnalysis, AmpCharacterAnalysis, sha256_file, analyse_rendered_audio",__future__(1); hashlib(1); json(1),18
desktop,desktop/src-tauri/target/release/nam-mixer-backend/_internal/training_support/hybrid/character_blend.py,334,428,0,unknown,"character_temporal_history_samples, CharacterBlendDesign, CharacterBlendResult, LowLevelResponseCheck, evaluate_low_level_response",(5); __future__(1); json(1),97
desktop,desktop/src-tauri/target/release/nam-mixer-backend/_internal/training_support/hybrid/character_training_target.py,292,324,0,unknown,"evaluate_bundle_low_level_response, build_export_validation_reference, check_export_low_level_response, check_full_low_level_response, build_character_training_manifest",(10); __future__(1); json(1),95
desktop,desktop/src-tauri/target/release/nam-mixer-backend/_internal/training_support/hybrid/continuous_gain/__init__.py,1,1,0,unknown,,,1
desktop,desktop/src-tauri/target/release/nam-mixer-backend/_internal/training_support/hybrid/continuous_gain/anchors.py,54,71,0,unknown,"effective_min_sep, response_anchors, fixed_ladder_anchors, position_input_gain_db, mapping_table",__future__(1); numpy(1),45
desktop,desktop/src-tauri/target/release/nam-mixer-backend/_internal/training_support/hybrid/continuous_gain/audit.py,183,204,0,unknown,"music_lag, audit_captures, alignment_shift, apply_alignment_shift, r_music",(2); __future__(1); typing(1),121
desktop,desktop/src-tauri/target/release/nam-mixer-backend/_internal/training_support/hybrid/continuous_gain/bundle.py,169,206,0,unknown,"FcRecipe, sha256_f32, BuiltAudio, build_training_audio, make_chain",(12); __future__(1); hashlib(1),37
desktop,desktop/src-tauri/target/release/nam-mixer-backend/_internal/training_support/hybrid/continuous_gain/excitation.py,70,80,0,unknown,"level_swept_excitation, active_rms",__future__(1); numpy(1),17
desktop,desktop/src-tauri/target/release/nam-mixer-backend/_internal/training_support/hybrid/continuous_gain/multi_blend.py,44,57,0,unknown,"GainChain, chain_weights, multi_blend, input_scale_db, designated_gain_db",__future__(1); dataclasses(1); numpy(1),15
desktop,desktop/src-tauri/target/release/nam-mixer-backend/_internal/training_support/hybrid/continuous_gain/parallel.py,22,28,0,unknown,"default_workers, pmap",__future__(1); os(1); concurrent(1),11
desktop,desktop/src-tauri/target/release/nam-mixer-backend/_internal/training_support/hybrid/continuous_gain/probe.py,116,146,0,unknown,"crest_db, hf_ratio_db, features, tone_signal, harmonics",(3); __future__(1); typing(1),31
desktop,desktop/src-tauri/target/release/nam-mixer-backend/_internal/training_support/hybrid/continuous_gain/profile.py,88,94,0,unknown,build_profile,__future__(1); numpy(1); scipy(1),81
desktop,desktop/src-tauri/target/release/nam-mixer-backend/_internal/training_support/hybrid/continuous_gain/project.py,297,336,0,unknown,"CgProjectError, suggest_position, CgProject, create, state",(12); __future__(1); json(1),129
desktop,desktop/src-tauri/target/release/nam-mixer-backend/_internal/training_support/hybrid/continuous_gain/selection.py,203,228,0,unknown,"SelectionAnalysis, select_captures, evaluate_set, resolve_selection, val",__future__(1); itertools(1); numpy(1),177
desktop,desktop/src-tauri/target/release/nam-mixer-backend/_internal/training_support/hybrid/continuous_gain/validation.py,140,169,0,unknown,"check_compatibility, check_safety, check_progression, write_audition, one",(7); __future__(1); json(1),62
desktop,desktop/src-tauri/target/release/nam-mixer-backend/_internal/training_support/hybrid/core/__init__.py,1,1,0,unknown,,,1
desktop,desktop/src-tauri/target/release/nam-mixer-backend/_internal/training_support/hybrid/core/align.py,97,125,0,unknown,"estimate_offset, align_to_reference",__future__(1); logging(1); numpy(1),34
desktop,desktop/src-tauri/target/release/nam-mixer-backend/_internal/training_support/hybrid/core/audio_metrics.py,114,137,0,unknown,"is_audible_dbfs, rms_dbfs, spectral_magnitude_correlation, framed_spectral_correlation, multi_resolution_log_spectral_distance",__future__(1); numpy(1),35
desktop,desktop/src-tauri/target/release/nam-mixer-backend/_internal/training_support/hybrid/core/cab_ir.py,360,459,0,unknown,"CabIrError, PreparedCabIr, load_and_prepare_cab_ir, get_prepared_cab_ir, get_frozen_prepared_cab_ir",dataclasses(2); __future__(1); hashlib(1),111
desktop,desktop/src-tauri/target/release/nam-mixer-backend/_internal/training_support/hybrid/core/calibration.py,69,88,0,unknown,"input_calibration_gain_db, CalibrationResult, resolve_calibration",__future__(1); dataclasses(1); typing(1),18
desktop,desktop/src-tauri/target/release/nam-mixer-backend/_internal/training_support/hybrid/core/coverage.py,66,99,0,unknown,"CoverageResult, active_signal_mask, analyse_profile_coverage, envelope_percentiles, suggest_crossover_dbfs",__future__(1); dataclasses(1); numpy(1),22
desktop,desktop/src-tauri/target/release/nam-mixer-backend/_internal/training_support/hybrid/core/envelope.py,179,226,0,unknown,"rms_envelope_db, BoundedEnvelopeConfig, bounded_envelope_max_history_ms, bounded_envelope_max_history_samples, bounded_causal_envelope_db",__future__(1); dataclasses(1); numpy(1),48
desktop,desktop/src-tauri/target/release/nam-mixer-backend/_internal/training_support/hybrid/core/input_profiles.py,182,203,0,unknown,"db_to_amplitude, InputProfile, get_profile, resolve_profile_gain_db",__future__(1); dataclasses(1); typing(1),23
desktop,desktop/src-tauri/target/release/nam-mixer-backend/_internal/training_support/hybrid/core/level_match.py,59,75,0,unknown,"LevelMatchResult, compute_crossover_trim",__future__(1); dataclasses(1); numpy(1),8
desktop,desktop/src-tauri/target/release/nam-mixer-backend/_internal/training_support/hybrid/core/nam_loader.py,115,149,0,unknown,"NamModel, load_nam, architecture, config, sample_rate",__future__(1); json(1); dataclasses(1),32
desktop,desktop/src-tauri/target/release/nam-mixer-backend/_internal/training_support/hybrid/core/pipeline.py,220,271,0,unknown,"RenderedPair, render_pair, amp_input_peak_warnings, HybridResult, build_hybrid",(8); __future__(1); dataclasses(1),36
desktop,desktop/src-tauri/target/release/nam-mixer-backend/_internal/training_support/hybrid/core/receptive_field.py,291,339,0,unknown,"ReceptiveFieldUnavailable, compute_source_nam_receptive_field, A2ReceptiveField, load_packed_a2_config, compute_a2_receptive_field",__future__(1); importlib(1); json(1),67
desktop,desktop/src-tauri/target/release/nam-mixer-backend/_internal/training_support/hybrid/core/render.py,143,185,0,unknown,"NamRenderError, find_nam_render_exe, find_sequential_nam_render_exe, sequential_renderer_record, render",(2); __future__(1); shutil(1),76
desktop,desktop/src-tauri/target/release/nam-mixer-backend/_internal/training_support/hybrid/core/render_bootstrap.py,95,123,0,unknown,"NamRenderDownloadError, default_dest_path, download_prebuilt_nam_render",urllib(2); __future__(1); json(1),27
desktop,desktop/src-tauri/target/release/nam-mixer-backend/_internal/training_support/hybrid/core/safety.py,107,138,0,unknown,"SafetyReport, check_audio, apply_peak_ceiling, compute_auto_output_gain_db, apply_output_gain",__future__(1); dataclasses(1); numpy(1),30
desktop,desktop/src-tauri/target/release/nam-mixer-backend/_internal/training_support/hybrid/coverage.py,66,97,0,unknown,"CoverageResult, active_signal_mask, analyse_profile_coverage, envelope_percentiles, suggest_crossover_dbfs",__future__(1); dataclasses(1); numpy(1),22
desktop,desktop/src-tauri/target/release/nam-mixer-backend/_internal/training_support/hybrid/design.py,135,178,0,unknown,"HybridDesign, freeze_design, to_dict, write_json, read_json",(4); __future__(1); json(1),8
desktop,desktop/src-tauri/target/release/nam-mixer-backend/_internal/training_support/hybrid/embedded_completion.py,55,67,0,unknown,complete_embedded_artifact,(6); __future__(1); pathlib(1),19
desktop,desktop/src-tauri/target/release/nam-mixer-backend/_internal/training_support/hybrid/env_file.py,130,157,0,unknown,"read_env_value, read_saved_env_value, read_env_values, read_saved_env_values, write_env_values",__future__(1); os(1); pathlib(1),70
desktop,desktop/src-tauri/target/release/nam-mixer-backend/_internal/training_support/hybrid/envelope.py,180,227,0,unknown,"rms_envelope_db, BoundedEnvelopeConfig, bounded_envelope_max_history_ms, bounded_envelope_max_history_samples, bounded_causal_envelope_db",__future__(1); dataclasses(1); numpy(1),48
desktop,desktop/src-tauri/target/release/nam-mixer-backend/_internal/training_support/hybrid/fixed_blend.py,206,257,0,unknown,"BlendLevelMatchResult, compute_active_trim, BlendResult, build_fixed_blend, BlendDesign",(6); __future__(1); json(1),19
desktop,desktop/src-tauri/target/release/nam-mixer-backend/_internal/training_support/hybrid/input_profiles.py,182,203,0,unknown,"db_to_amplitude, InputProfile, get_profile, resolve_profile_gain_db",__future__(1); dataclasses(1); typing(1),23
desktop,desktop/src-tauri/target/release/nam-mixer-backend/_internal/training_support/hybrid/kaggle_training.py,1116,1427,0,unknown,"CliResult, KaggleCliUnavailable, KaggleCli, KaggleJob, save_job",(8); __future__(1); csv(1),390
desktop,desktop/src-tauri/target/release/nam-mixer-backend/_internal/training_support/hybrid/level_match.py,59,75,0,unknown,"LevelMatchResult, compute_crossover_trim",__future__(1); dataclasses(1); numpy(1),8
desktop,desktop/src-tauri/target/release/nam-mixer-backend/_internal/training_support/hybrid/local_llm.py,685,798,0,unknown,"LocalLlmError, AiConfig, LocalRecipe, LocalConversationReply, status",urllib(3); environment(1); __future__(1),347
desktop,desktop/src-tauri/target/release/nam-mixer-backend/_internal/training_support/hybrid/local_training.py,321,411,0,unknown,"LocalTrainingManager, design_id, python, is_ready, cancel",__future__(1); os(1); json(1),128
desktop,desktop/src-tauri/target/release/nam-mixer-backend/_internal/training_support/hybrid/metadata.py,71,92,0,unknown,"HybridMetadata, suggested_nam_filename, to_dict, write_sidecar",__future__(1); json(1); re(1),13
desktop,desktop/src-tauri/target/release/nam-mixer-backend/_internal/training_support/hybrid/modes/__init__.py,1,1,0,unknown,,,1
desktop,desktop/src-tauri/target/release/nam-mixer-backend/_internal/training_support/hybrid/modes/blend.py,58,77,0,unknown,"smoothstep_curve, CrossoverConfig, blend_weight, blend",__future__(1); dataclasses(1); typing(1),6
desktop,desktop/src-tauri/target/release/nam-mixer-backend/_internal/training_support/hybrid/modes/blend_training_target.py,195,232,0,unknown,"build_blend_training_manifest, generate_blend_training_bundle",(8); __future__(1); json(1),17
desktop,desktop/src-tauri/target/release/nam-mixer-backend/_internal/training_support/hybrid/modes/cab_embed_training_target.py,167,187,0,unknown,"CabEmbedDesign, generate_cab_embed_training_bundle",(7); __future__(1); json(1),16
desktop,desktop/src-tauri/target/release/nam-mixer-backend/_internal/training_support/hybrid/modes/character_analysis.py,161,212,0,unknown,"CharacterAnalysisConfig, AmpLevelAnalysis, AmpCharacterAnalysis, sha256_file, analyse_rendered_audio",__future__(1); hashlib(1); json(1),37
desktop,desktop/src-tauri/target/release/nam-mixer-backend/_internal/training_support/hybrid/modes/character_blend.py,389,495,0,unknown,"character_temporal_history_samples, CharacterBlendDesign, CharacterBlendResult, LowLevelResponseCheck, evaluate_low_level_response",(5); __future__(1); json(1),121
desktop,desktop/src-tauri/target/release/nam-mixer-backend/_internal/training_support/hybrid/modes/character_training_target.py,289,325,0,unknown,"evaluate_bundle_low_level_response, build_export_validation_reference, check_export_low_level_response, check_full_low_level_response, build_character_training_manifest",(9); __future__(1); json(1),95
desktop,desktop/src-tauri/target/release/nam-mixer-backend/_internal/training_support/hybrid/modes/design.py,135,178,0,unknown,"HybridDesign, freeze_design, to_dict, write_json, read_json",(4); __future__(1); json(1),8
desktop,desktop/src-tauri/target/release/nam-mixer-backend/_internal/training_support/hybrid/modes/fixed_blend.py,206,257,0,unknown,"BlendLevelMatchResult, compute_active_trim, BlendResult, build_fixed_blend, BlendDesign",(6); __future__(1); json(1),19
desktop,desktop/src-tauri/target/release/nam-mixer-backend/_internal/training_support/hybrid/modes/metadata.py,63,83,0,unknown,"HybridMetadata, suggested_nam_filename, to_dict",__future__(1); re(1); dataclasses(1),13
desktop,desktop/src-tauri/target/release/nam-mixer-backend/_internal/training_support/hybrid/modes/training_target.py,618,783,0,unknown,"TrainingInputError, TrainingInputInfo, validate_training_input, TargetSafetyReport, TrainingBundle",(19); __future__(1); hashlib(1),143
desktop,desktop/src-tauri/target/release/nam-mixer-backend/_internal/training_support/hybrid/modes/wizard.py,55,69,0,unknown,summarise_amp_pair,__future__(1); (1),28
desktop,desktop/src-tauri/target/release/nam-mixer-backend/_internal/training_support/hybrid/multi_blend.py,44,57,0,unknown,"GainChain, chain_weights, multi_blend, input_scale_db, designated_gain_db",__future__(1); dataclasses(1); numpy(1),15
desktop,desktop/src-tauri/target/release/nam-mixer-backend/_internal/training_support/hybrid/nam_loader.py,111,143,0,unknown,"NamModel, load_nam, architecture, config, sample_rate",__future__(1); json(1); dataclasses(1),26
desktop,desktop/src-tauri/target/release/nam-mixer-backend/_internal/training_support/hybrid/nam_provenance.py,92,115,0,unknown,"source_metadata_fields, agreed_tone_type, export_name_suffix, cabinet_display_name, build_export_name",__future__(1); typing(1); (1),31
desktop,desktop/src-tauri/target/release/nam-mixer-backend/_internal/training_support/hybrid/nam_tools.py,188,228,0,unknown,"NamToolError, load_nam, calculate_gain_multiplier, find_output_scalers, describe_nam_tools",__future__(1); copy(1); json(1),95
desktop,desktop/src-tauri/target/release/nam-mixer-backend/_internal/training_support/hybrid/ollama_pull.py,67,82,0,unknown,"OllamaPullError, ollama_available, start_pull, get_pull_status",__future__(1); shutil(1); subprocess(1),19
desktop,desktop/src-tauri/target/release/nam-mixer-backend/_internal/training_support/hybrid/paths.py,9,12,0,unknown,,__future__(1); pathlib(1),2
desktop,desktop/src-tauri/target/release/nam-mixer-backend/_internal/training_support/hybrid/pipeline.py,198,244,0,unknown,"RenderedPair, render_pair, HybridResult, build_hybrid",(8); __future__(1); dataclasses(1),31
desktop,desktop/src-tauri/target/release/nam-mixer-backend/_internal/training_support/hybrid/receptive_field.py,291,339,0,unknown,"ReceptiveFieldUnavailable, compute_source_nam_receptive_field, A2ReceptiveField, load_packed_a2_config, compute_a2_receptive_field",__future__(1); importlib(1); json(1),67
desktop,desktop/src-tauri/target/release/nam-mixer-backend/_internal/training_support/hybrid/render.py,139,170,0,unknown,"NamRenderError, find_nam_render_exe, find_sequential_nam_render_exe, sequential_renderer_record, render",__future__(1); shutil(1); os(1),64
desktop,desktop/src-tauri/target/release/nam-mixer-backend/_internal/training_support/hybrid/render_bootstrap.py,74,91,0,unknown,"NamRenderDownloadError, default_dest_path, download_prebuilt_nam_render",urllib(2); __future__(1); json(1),18
desktop,desktop/src-tauri/target/release/nam-mixer-backend/_internal/training_support/hybrid/research.py,244,290,0,unknown,"web_notes, tone3000_search, tone3000_models, tone3000_model_download, tone3000_notes",urllib(2); __future__(1); ipaddress(1),120
desktop,desktop/src-tauri/target/release/nam-mixer-backend/_internal/training_support/hybrid/safety.py,106,136,0,unknown,"SafetyReport, check_audio, apply_peak_ceiling, compute_auto_output_gain_db, apply_output_gain",__future__(1); dataclasses(1); numpy(1),29
desktop,desktop/src-tauri/target/release/nam-mixer-backend/_internal/training_support/hybrid/sequential_nam.py,187,223,0,unknown,"SequentialNamError, weights_sha256, extract_full_a2_child, build_embedded_sequential, package_embedded_sequential",__future__(1); hashlib(1); json(1),58
desktop,desktop/src-tauri/target/release/nam-mixer-backend/_internal/training_support/hybrid/services/__init__.py,1,1,0,unknown,,,1
desktop,desktop/src-tauri/target/release/nam-mixer-backend/_internal/training_support/hybrid/services/env_file.py,134,162,0,unknown,"read_env_value, read_saved_env_value, read_env_values, read_saved_env_values, write_env_values",__future__(1); os(1); pathlib(1),78
desktop,desktop/src-tauri/target/release/nam-mixer-backend/_internal/training_support/hybrid/services/local_llm.py,1052,1273,0,unknown,"LocalLlmError, prompt_requests_recipe, AiConfig, LocalRecipe, LocalConversationReply",urllib(3); environment(1); __future__(1),471
desktop,desktop/src-tauri/target/release/nam-mixer-backend/_internal/training_support/hybrid/services/ollama_pull.py,67,84,0,unknown,"OllamaPullError, ollama_available, start_pull, get_pull_status",__future__(1); shutil(1); subprocess(1),19
desktop,desktop/src-tauri/target/release/nam-mixer-backend/_internal/training_support/hybrid/services/research.py,256,309,0,unknown,"web_notes, tone3000_search, tone3000_models, tone3000_model_download, handle_starttag",urllib(2); __future__(1); ipaddress(1),121
desktop,desktop/src-tauri/target/release/nam-mixer-backend/_internal/training_support/hybrid/services/settings.py,425,486,0,unknown,"SettingField, SettingsValidationError, get_settings, save_settings, experimental_architectures_enabled",hybrid(3); __future__(1); os(1),121
desktop,desktop/src-tauri/target/release/nam-mixer-backend/_internal/training_support/hybrid/services/update_check.py,75,99,0,unknown,"UpdateCheckError, UpdateCheckResult, check_for_update",urllib(2); __future__(1); json(1),41
desktop,desktop/src-tauri/target/release/nam-mixer-backend/_internal/training_support/hybrid/settings.py,306,359,0,unknown,"SettingField, SettingsValidationError, get_settings, save_settings",hybrid(2); __future__(1); dataclasses(1),99
desktop,desktop/src-tauri/target/release/nam-mixer-backend/_internal/training_support/hybrid/training/__init__.py,1,1,0,unknown,,,2
desktop,desktop/src-tauri/target/release/nam-mixer-backend/_internal/training_support/hybrid/training/a2_training_settings.py,117,178,0,unknown,"A2TrainingSettings, settings_for_preset, custom_split_train_stop, settings_for, user_metadata_kwargs",__future__(1); dataclasses(1); (1),58
desktop,desktop/src-tauri/target/release/nam-mixer-backend/_internal/training_support/hybrid/training/embedded_completion.py,65,86,0,unknown,complete_embedded_artifact,(8); __future__(1); pathlib(1),27
desktop,desktop/src-tauri/target/release/nam-mixer-backend/_internal/training_support/hybrid/training/kaggle_training.py,1221,1567,0,unknown,"CliResult, KaggleCliUnavailable, KaggleCli, KaggleJob, save_job",(9); __future__(1); csv(1),434
desktop,desktop/src-tauri/target/release/nam-mixer-backend/_internal/training_support/hybrid/training/local_training.py,347,456,0,unknown,"LocalTrainingManager, design_id, python, is_ready, cancel",__future__(1); codecs(1); os(1),144
desktop,desktop/src-tauri/target/release/nam-mixer-backend/_internal/training_support/hybrid/training/nam_provenance.py,147,187,0,unknown,"source_metadata_fields, agreed_tone_type, cabinet_display_name, cab_export_mode, default_model_base_name",__future__(1); typing(1); (1),68
desktop,desktop/src-tauri/target/release/nam-mixer-backend/_internal/training_support/hybrid/training/nam_tools.py,209,254,0,unknown,"NamToolError, load_nam, calculate_gain_multiplier, find_output_scalers, describe_nam_tools",__future__(1); copy(1); json(1),107
desktop,desktop/src-tauri/target/release/nam-mixer-backend/_internal/training_support/hybrid/training/sequential_nam.py,187,221,0,unknown,"SequentialNamError, weights_sha256, extract_full_a2_child, build_embedded_sequential, package_embedded_sequential",(2); __future__(1); hashlib(1),54
desktop,desktop/src-tauri/target/release/nam-mixer-backend/_internal/training_support/hybrid/training/validation.py,162,199,0,unknown,"ReferenceHybridResult, load_frozen_design, render_processed_reference, render_reference_hybrid, render_reference_blend",(11); __future__(1); dataclasses(1),28
desktop,desktop/src-tauri/target/release/nam-mixer-backend/_internal/training_support/hybrid/training/validation_report.py,116,131,0,unknown,build_validation_report,__future__(1); math(1); typing(1),68
desktop,desktop/src-tauri/target/release/nam-mixer-backend/_internal/training_support/hybrid/training_target.py,571,719,0,unknown,"TrainingInputError, TrainingInputInfo, validate_training_input, TargetSafetyReport, TrainingBundle",(18); __future__(1); hashlib(1),126
desktop,desktop/src-tauri/target/release/nam-mixer-backend/_internal/training_support/hybrid/update_check.py,75,97,0,unknown,"UpdateCheckError, UpdateCheckResult, check_for_update",urllib(2); __future__(1); json(1),40
desktop,desktop/src-tauri/target/release/nam-mixer-backend/_internal/training_support/hybrid/validation.py,162,199,0,unknown,"ReferenceHybridResult, load_frozen_design, render_processed_reference, render_reference_hybrid, render_reference_blend",(11); __future__(1); dataclasses(1),28
desktop,desktop/src-tauri/target/release/nam-mixer-backend/_internal/training_support/hybrid/validation_report.py,116,128,0,unknown,build_validation_report,__future__(1); math(1); typing(1),66
desktop,desktop/src-tauri/target/release/nam-mixer-backend/_internal/training_support/hybrid/wizard.py,55,69,0,unknown,summarise_amp_pair,__future__(1); (1),28
desktop,desktop/src-tauri/target/release/nam-mixer-backend/_internal/training_support/scripts/train_a2.py,609,767,0,unknown,"TrainingAbort, print_environment_diagnostics, load_and_validate_manifest, check_receptive_field, validate_exported_nam",hybrid(10); nam(5); __future__(1),189
desktop,desktop/src-tauri/target/x86_64-pc-windows-msvc/debug/nam-mixer-backend/_internal/training_support/hybrid/__init__.py,11,12,0,unknown,,,4
desktop,desktop/src-tauri/target/x86_64-pc-windows-msvc/debug/nam-mixer-backend/_internal/training_support/hybrid/a2_training_settings.py,135,207,0,unknown,"A2TrainingSettings, settings_for_preset, custom_split_train_stop, settings_for, user_metadata_kwargs",__future__(1); dataclasses(1); pathlib(1),78
desktop,desktop/src-tauri/target/x86_64-pc-windows-msvc/debug/nam-mixer-backend/_internal/training_support/hybrid/align.py,98,122,0,unknown,"estimate_offset, align_to_reference",__future__(1); logging(1); numpy(1),31
desktop,desktop/src-tauri/target/x86_64-pc-windows-msvc/debug/nam-mixer-backend/_internal/training_support/hybrid/audio_metrics.py,127,145,0,unknown,"rms_dbfs, spectral_magnitude_correlation, framed_spectral_correlation, multi_resolution_log_spectral_distance, envelope_error_db",__future__(1); numpy(1),37
desktop,desktop/src-tauri/target/x86_64-pc-windows-msvc/debug/nam-mixer-backend/_internal/training_support/hybrid/blend.py,58,77,0,unknown,"smoothstep_curve, CrossoverConfig, blend_weight, blend",__future__(1); dataclasses(1); typing(1),6
desktop,desktop/src-tauri/target/x86_64-pc-windows-msvc/debug/nam-mixer-backend/_internal/training_support/hybrid/blend_training_target.py,251,291,0,unknown,"build_blend_training_manifest, generate_blend_training_bundle",(9); __future__(1); json(1),24
desktop,desktop/src-tauri/target/x86_64-pc-windows-msvc/debug/nam-mixer-backend/_internal/training_support/hybrid/cab_ir.py,355,447,0,unknown,"CabIrError, PreparedCabIr, load_and_prepare_cab_ir, get_prepared_cab_ir, get_frozen_prepared_cab_ir",dataclasses(2); __future__(1); hashlib(1),106
desktop,desktop/src-tauri/target/x86_64-pc-windows-msvc/debug/nam-mixer-backend/_internal/training_support/hybrid/calibration.py,69,88,0,unknown,"input_calibration_gain_db, CalibrationResult, resolve_calibration",__future__(1); dataclasses(1); typing(1),18
desktop,desktop/src-tauri/target/x86_64-pc-windows-msvc/debug/nam-mixer-backend/_internal/training_support/hybrid/cg_anchors.py,54,71,0,unknown,"effective_min_sep, response_anchors, fixed_ladder_anchors, position_input_gain_db, mapping_table",__future__(1); numpy(1),45
desktop,desktop/src-tauri/target/x86_64-pc-windows-msvc/debug/nam-mixer-backend/_internal/training_support/hybrid/cg_audit.py,173,192,0,unknown,"music_lag, audit_captures, alignment_shift, r_music",(2); __future__(1); typing(1),117
desktop,desktop/src-tauri/target/x86_64-pc-windows-msvc/debug/nam-mixer-backend/_internal/training_support/hybrid/cg_bundle.py,166,206,0,unknown,"FcRecipe, sha256_f32, BuiltAudio, build_training_audio, make_chain",(9); __future__(1); hashlib(1),37
desktop,desktop/src-tauri/target/x86_64-pc-windows-msvc/debug/nam-mixer-backend/_internal/training_support/hybrid/cg_excitation.py,70,80,0,unknown,"level_swept_excitation, active_rms",__future__(1); numpy(1),17
desktop,desktop/src-tauri/target/x86_64-pc-windows-msvc/debug/nam-mixer-backend/_internal/training_support/hybrid/cg_parallel.py,22,28,0,unknown,"default_workers, pmap",__future__(1); os(1); concurrent(1),11
desktop,desktop/src-tauri/target/x86_64-pc-windows-msvc/debug/nam-mixer-backend/_internal/training_support/hybrid/cg_probe.py,116,148,0,unknown,"crest_db, hf_ratio_db, features, tone_signal, harmonics",__future__(1); typing(1); numpy(1),31
desktop,desktop/src-tauri/target/x86_64-pc-windows-msvc/debug/nam-mixer-backend/_internal/training_support/hybrid/cg_profile.py,88,94,0,unknown,build_profile,__future__(1); numpy(1); scipy(1),81
desktop,desktop/src-tauri/target/x86_64-pc-windows-msvc/debug/nam-mixer-backend/_internal/training_support/hybrid/cg_project.py,283,322,0,unknown,"CgProjectError, suggest_position, CgProject, create, state",(12); __future__(1); json(1),124
desktop,desktop/src-tauri/target/x86_64-pc-windows-msvc/debug/nam-mixer-backend/_internal/training_support/hybrid/cg_selection.py,197,219,0,unknown,"SelectionAnalysis, select_captures, evaluate_set, resolve_selection, val",__future__(1); itertools(1); numpy(1),174
desktop,desktop/src-tauri/target/x86_64-pc-windows-msvc/debug/nam-mixer-backend/_internal/training_support/hybrid/cg_validation.py,136,167,0,unknown,"check_compatibility, check_safety, check_progression, write_audition, one",(6); __future__(1); json(1),60
desktop,desktop/src-tauri/target/x86_64-pc-windows-msvc/debug/nam-mixer-backend/_internal/training_support/hybrid/character_analysis.py,106,139,0,unknown,"CharacterAnalysisConfig, AmpLevelAnalysis, AmpCharacterAnalysis, sha256_file, analyse_rendered_audio",__future__(1); hashlib(1); json(1),18
desktop,desktop/src-tauri/target/x86_64-pc-windows-msvc/debug/nam-mixer-backend/_internal/training_support/hybrid/character_blend.py,334,428,0,unknown,"character_temporal_history_samples, CharacterBlendDesign, CharacterBlendResult, LowLevelResponseCheck, evaluate_low_level_response",(5); __future__(1); json(1),97
desktop,desktop/src-tauri/target/x86_64-pc-windows-msvc/debug/nam-mixer-backend/_internal/training_support/hybrid/character_training_target.py,292,324,0,unknown,"evaluate_bundle_low_level_response, build_export_validation_reference, check_export_low_level_response, check_full_low_level_response, build_character_training_manifest",(10); __future__(1); json(1),95
desktop,desktop/src-tauri/target/x86_64-pc-windows-msvc/debug/nam-mixer-backend/_internal/training_support/hybrid/coverage.py,66,97,0,unknown,"CoverageResult, active_signal_mask, analyse_profile_coverage, envelope_percentiles, suggest_crossover_dbfs",__future__(1); dataclasses(1); numpy(1),22
desktop,desktop/src-tauri/target/x86_64-pc-windows-msvc/debug/nam-mixer-backend/_internal/training_support/hybrid/design.py,135,178,0,unknown,"HybridDesign, freeze_design, to_dict, write_json, read_json",(4); __future__(1); json(1),8
desktop,desktop/src-tauri/target/x86_64-pc-windows-msvc/debug/nam-mixer-backend/_internal/training_support/hybrid/embedded_completion.py,55,67,0,unknown,complete_embedded_artifact,(6); __future__(1); pathlib(1),19
desktop,desktop/src-tauri/target/x86_64-pc-windows-msvc/debug/nam-mixer-backend/_internal/training_support/hybrid/env_file.py,130,157,0,unknown,"read_env_value, read_saved_env_value, read_env_values, read_saved_env_values, write_env_values",__future__(1); os(1); pathlib(1),70
desktop,desktop/src-tauri/target/x86_64-pc-windows-msvc/debug/nam-mixer-backend/_internal/training_support/hybrid/envelope.py,180,227,0,unknown,"rms_envelope_db, BoundedEnvelopeConfig, bounded_envelope_max_history_ms, bounded_envelope_max_history_samples, bounded_causal_envelope_db",__future__(1); dataclasses(1); numpy(1),48
desktop,desktop/src-tauri/target/x86_64-pc-windows-msvc/debug/nam-mixer-backend/_internal/training_support/hybrid/fixed_blend.py,206,257,0,unknown,"BlendLevelMatchResult, compute_active_trim, BlendResult, build_fixed_blend, BlendDesign",(6); __future__(1); json(1),19
desktop,desktop/src-tauri/target/x86_64-pc-windows-msvc/debug/nam-mixer-backend/_internal/training_support/hybrid/input_profiles.py,182,203,0,unknown,"db_to_amplitude, InputProfile, get_profile, resolve_profile_gain_db",__future__(1); dataclasses(1); typing(1),23
desktop,desktop/src-tauri/target/x86_64-pc-windows-msvc/debug/nam-mixer-backend/_internal/training_support/hybrid/kaggle_training.py,1116,1427,0,unknown,"CliResult, KaggleCliUnavailable, KaggleCli, KaggleJob, save_job",(8); __future__(1); csv(1),390
desktop,desktop/src-tauri/target/x86_64-pc-windows-msvc/debug/nam-mixer-backend/_internal/training_support/hybrid/level_match.py,59,75,0,unknown,"LevelMatchResult, compute_crossover_trim",__future__(1); dataclasses(1); numpy(1),8
desktop,desktop/src-tauri/target/x86_64-pc-windows-msvc/debug/nam-mixer-backend/_internal/training_support/hybrid/local_llm.py,685,798,0,unknown,"LocalLlmError, AiConfig, LocalRecipe, LocalConversationReply, status",urllib(3); environment(1); __future__(1),347
desktop,desktop/src-tauri/target/x86_64-pc-windows-msvc/debug/nam-mixer-backend/_internal/training_support/hybrid/local_training.py,321,411,0,unknown,"LocalTrainingManager, design_id, python, is_ready, cancel",__future__(1); os(1); json(1),128
desktop,desktop/src-tauri/target/x86_64-pc-windows-msvc/debug/nam-mixer-backend/_internal/training_support/hybrid/metadata.py,71,92,0,unknown,"HybridMetadata, suggested_nam_filename, to_dict, write_sidecar",__future__(1); json(1); re(1),13
desktop,desktop/src-tauri/target/x86_64-pc-windows-msvc/debug/nam-mixer-backend/_internal/training_support/hybrid/multi_blend.py,44,57,0,unknown,"GainChain, chain_weights, multi_blend, input_scale_db, designated_gain_db",__future__(1); dataclasses(1); numpy(1),15
desktop,desktop/src-tauri/target/x86_64-pc-windows-msvc/debug/nam-mixer-backend/_internal/training_support/hybrid/nam_loader.py,111,143,0,unknown,"NamModel, load_nam, architecture, config, sample_rate",__future__(1); json(1); dataclasses(1),26
desktop,desktop/src-tauri/target/x86_64-pc-windows-msvc/debug/nam-mixer-backend/_internal/training_support/hybrid/nam_provenance.py,92,115,0,unknown,"source_metadata_fields, agreed_tone_type, export_name_suffix, cabinet_display_name, build_export_name",__future__(1); typing(1); (1),31
desktop,desktop/src-tauri/target/x86_64-pc-windows-msvc/debug/nam-mixer-backend/_internal/training_support/hybrid/nam_tools.py,188,228,0,unknown,"NamToolError, load_nam, calculate_gain_multiplier, find_output_scalers, describe_nam_tools",__future__(1); copy(1); json(1),95
desktop,desktop/src-tauri/target/x86_64-pc-windows-msvc/debug/nam-mixer-backend/_internal/training_support/hybrid/ollama_pull.py,67,82,0,unknown,"OllamaPullError, ollama_available, start_pull, get_pull_status",__future__(1); shutil(1); subprocess(1),19
desktop,desktop/src-tauri/target/x86_64-pc-windows-msvc/debug/nam-mixer-backend/_internal/training_support/hybrid/pipeline.py,198,244,0,unknown,"RenderedPair, render_pair, HybridResult, build_hybrid",(8); __future__(1); dataclasses(1),31
desktop,desktop/src-tauri/target/x86_64-pc-windows-msvc/debug/nam-mixer-backend/_internal/training_support/hybrid/receptive_field.py,291,339,0,unknown,"ReceptiveFieldUnavailable, compute_source_nam_receptive_field, A2ReceptiveField, load_packed_a2_config, compute_a2_receptive_field",__future__(1); importlib(1); json(1),67
desktop,desktop/src-tauri/target/x86_64-pc-windows-msvc/debug/nam-mixer-backend/_internal/training_support/hybrid/render.py,139,170,0,unknown,"NamRenderError, find_nam_render_exe, find_sequential_nam_render_exe, sequential_renderer_record, render",__future__(1); shutil(1); os(1),64
desktop,desktop/src-tauri/target/x86_64-pc-windows-msvc/debug/nam-mixer-backend/_internal/training_support/hybrid/render_bootstrap.py,74,91,0,unknown,"NamRenderDownloadError, default_dest_path, download_prebuilt_nam_render",urllib(2); __future__(1); json(1),18
desktop,desktop/src-tauri/target/x86_64-pc-windows-msvc/debug/nam-mixer-backend/_internal/training_support/hybrid/research.py,244,290,0,unknown,"web_notes, tone3000_search, tone3000_models, tone3000_model_download, tone3000_notes",urllib(2); __future__(1); ipaddress(1),120
desktop,desktop/src-tauri/target/x86_64-pc-windows-msvc/debug/nam-mixer-backend/_internal/training_support/hybrid/safety.py,106,136,0,unknown,"SafetyReport, check_audio, apply_peak_ceiling, compute_auto_output_gain_db, apply_output_gain",__future__(1); dataclasses(1); numpy(1),29
desktop,desktop/src-tauri/target/x86_64-pc-windows-msvc/debug/nam-mixer-backend/_internal/training_support/hybrid/sequential_nam.py,187,223,0,unknown,"SequentialNamError, weights_sha256, extract_full_a2_child, build_embedded_sequential, package_embedded_sequential",__future__(1); hashlib(1); json(1),58
desktop,desktop/src-tauri/target/x86_64-pc-windows-msvc/debug/nam-mixer-backend/_internal/training_support/hybrid/settings.py,306,359,0,unknown,"SettingField, SettingsValidationError, get_settings, save_settings",hybrid(2); __future__(1); dataclasses(1),99
desktop,desktop/src-tauri/target/x86_64-pc-windows-msvc/debug/nam-mixer-backend/_internal/training_support/hybrid/training_target.py,571,719,0,unknown,"TrainingInputError, TrainingInputInfo, validate_training_input, TargetSafetyReport, TrainingBundle",(18); __future__(1); hashlib(1),126
desktop,desktop/src-tauri/target/x86_64-pc-windows-msvc/debug/nam-mixer-backend/_internal/training_support/hybrid/update_check.py,75,97,0,unknown,"UpdateCheckError, UpdateCheckResult, check_for_update",urllib(2); __future__(1); json(1),40
desktop,desktop/src-tauri/target/x86_64-pc-windows-msvc/debug/nam-mixer-backend/_internal/training_support/hybrid/validation.py,162,199,0,unknown,"ReferenceHybridResult, load_frozen_design, render_processed_reference, render_reference_hybrid, render_reference_blend",(11); __future__(1); dataclasses(1),28
desktop,desktop/src-tauri/target/x86_64-pc-windows-msvc/debug/nam-mixer-backend/_internal/training_support/hybrid/validation_report.py,116,128,0,unknown,build_validation_report,__future__(1); math(1); typing(1),66
desktop,desktop/src-tauri/target/x86_64-pc-windows-msvc/debug/nam-mixer-backend/_internal/training_support/hybrid/wizard.py,55,69,0,unknown,summarise_amp_pair,__future__(1); (1),28
desktop,desktop/src-tauri/target/x86_64-pc-windows-msvc/debug/nam-mixer-backend/_internal/training_support/scripts/train_a2.py,607,762,0,unknown,"TrainingAbort, print_environment_diagnostics, load_and_validate_manifest, check_receptive_field, validate_exported_nam",hybrid(10); nam(5); __future__(1),184
hybrid.__init__.py,hybrid/__init__.py,15,16,3,2026-09-23,,,4
hybrid.continuous_gain,hybrid/continuous_gain/__init__.py,1,1,1,2026-09-23,,,1
hybrid.continuous_gain,hybrid/continuous_gain/anchors.py,54,71,1,2026-09-23,"effective_min_sep, response_anchors, fixed_ladder_anchors, position_input_gain_db, mapping_table",__future__(1); numpy(1),45
hybrid.continuous_gain,hybrid/continuous_gain/audit.py,183,204,4,2026-09-24,"music_lag, audit_captures, alignment_shift, apply_alignment_shift, r_music",(2); __future__(1); typing(1),121
hybrid.continuous_gain,hybrid/continuous_gain/bundle.py,169,206,8,2026-09-24,"FcRecipe, sha256_f32, BuiltAudio, build_training_audio, make_chain",(12); __future__(1); hashlib(1),37
hybrid.continuous_gain,hybrid/continuous_gain/excitation.py,70,80,1,2026-09-23,"level_swept_excitation, active_rms",__future__(1); numpy(1),17
hybrid.continuous_gain,hybrid/continuous_gain/multi_blend.py,44,57,1,2026-09-23,"GainChain, chain_weights, multi_blend, input_scale_db, designated_gain_db",__future__(1); dataclasses(1); numpy(1),15
hybrid.continuous_gain,hybrid/continuous_gain/parallel.py,22,28,1,2026-09-23,"default_workers, pmap",__future__(1); os(1); concurrent(1),11
hybrid.continuous_gain,hybrid/continuous_gain/probe.py,116,146,2,2026-09-24,"crest_db, hf_ratio_db, features, tone_signal, harmonics",(3); __future__(1); typing(1),31
hybrid.continuous_gain,hybrid/continuous_gain/profile.py,88,94,1,2026-09-23,build_profile,__future__(1); numpy(1); scipy(1),81
hybrid.continuous_gain,hybrid/continuous_gain/project.py,297,336,5,2026-09-24,"CgProjectError, suggest_position, CgProject, create, state",(12); __future__(1); json(1),129
hybrid.continuous_gain,hybrid/continuous_gain/selection.py,203,228,2,2026-09-24,"SelectionAnalysis, select_captures, evaluate_set, resolve_selection, val",__future__(1); itertools(1); numpy(1),177
hybrid.continuous_gain,hybrid/continuous_gain/validation.py,140,169,5,2026-09-24,"check_compatibility, check_safety, check_progression, write_audition, one",(7); __future__(1); json(1),62
hybrid.core,hybrid/core/__init__.py,1,1,1,2026-09-23,,,1
hybrid.core,hybrid/core/align.py,140,178,4,2026-09-25,"estimate_offset, LegacyAlignmentDesignError, apply_fixed_offset, resolve_alignment_request, frozen_alignment_offset",__future__(1); logging(1); numpy(1),47
hybrid.core,hybrid/core/align_diagnostic.py,193,253,3,2026-09-25,"WindowMeasurement, AlignmentDiagnostic, select_windows, analyse_alignment, per_window_offsets",__future__(1); dataclasses(1); numpy(1),75
hybrid.core,hybrid/core/align_verification.py,141,175,2,2026-09-25,"DiVerification, CrossDiVerification, verification_di_files, verify_fixed_offset_across_dis, verified",__future__(1); time(1); dataclasses(1),43
hybrid.core,hybrid/core/audio_metrics.py,114,137,3,2026-09-23,"is_audible_dbfs, rms_dbfs, spectral_magnitude_correlation, framed_spectral_correlation, multi_resolution_log_spectral_distance",__future__(1); numpy(1),35
hybrid.core,hybrid/core/cab_ir.py,360,459,4,2026-09-24,"CabIrError, PreparedCabIr, load_and_prepare_cab_ir, get_prepared_cab_ir, get_frozen_prepared_cab_ir",dataclasses(2); __future__(1); hashlib(1),111
hybrid.core,hybrid/core/calibration.py,69,88,2,2026-09-23,"input_calibration_gain_db, CalibrationResult, resolve_calibration",__future__(1); dataclasses(1); typing(1),18
hybrid.core,hybrid/core/coverage.py,66,99,3,2026-09-23,"CoverageResult, active_signal_mask, analyse_profile_coverage, envelope_percentiles, suggest_crossover_dbfs",__future__(1); dataclasses(1); numpy(1),22
hybrid.core,hybrid/core/envelope.py,179,226,2,2026-09-23,"rms_envelope_db, BoundedEnvelopeConfig, bounded_envelope_max_history_ms, bounded_envelope_max_history_samples, bounded_causal_envelope_db",__future__(1); dataclasses(1); numpy(1),48
hybrid.core,hybrid/core/input_profiles.py,182,203,2,2026-09-23,"db_to_amplitude, InputProfile, get_profile, resolve_profile_gain_db",__future__(1); dataclasses(1); typing(1),23
hybrid.core,hybrid/core/level_match.py,59,75,2,2026-09-23,"LevelMatchResult, compute_crossover_trim",__future__(1); dataclasses(1); numpy(1),8
hybrid.core,hybrid/core/nam_loader.py,115,149,2,2026-09-23,"NamModel, load_nam, architecture, config, sample_rate",__future__(1); json(1); dataclasses(1),32
hybrid.core,hybrid/core/parallel_phase.py,208,242,2,2026-09-25,"BandInteraction, ParallelCompatibility, analyse_parallel_compatibility, analyse_parallel_with_polarity_choice, to_dict",__future__(1); dataclasses(1); numpy(1),70
hybrid.core,hybrid/core/pipeline.py,225,277,7,2026-09-25,"RenderedPair, render_pair, amp_input_peak_warnings, HybridResult, build_hybrid",(8); __future__(1); dataclasses(1),36
hybrid.core,hybrid/core/receptive_field.py,291,339,2,2026-09-23,"ReceptiveFieldUnavailable, compute_source_nam_receptive_field, A2ReceptiveField, load_packed_a2_config, compute_a2_receptive_field",__future__(1); importlib(1); json(1),67
hybrid.core,hybrid/core/render.py,143,185,5,2026-09-24,"NamRenderError, find_nam_render_exe, find_sequential_nam_render_exe, sequential_renderer_record, render",(2); __future__(1); shutil(1),76
hybrid.core,hybrid/core/render_bootstrap.py,95,123,2,2026-09-23,"NamRenderDownloadError, default_dest_path, download_prebuilt_nam_render",urllib(2); __future__(1); json(1),27
hybrid.core,hybrid/core/safety.py,107,138,3,2026-09-23,"SafetyReport, check_audio, apply_peak_ceiling, compute_auto_output_gain_db, apply_output_gain",__future__(1); dataclasses(1); numpy(1),30
hybrid.modes,hybrid/modes/__init__.py,1,1,1,2026-09-23,,,1
hybrid.modes,hybrid/modes/blend.py,58,77,1,2026-09-23,"smoothstep_curve, CrossoverConfig, blend_weight, blend",__future__(1); dataclasses(1); typing(1),6
hybrid.modes,hybrid/modes/blend_training_target.py,201,239,5,2026-09-25,"build_blend_training_manifest, generate_blend_training_bundle",(8); __future__(1); json(1),18
hybrid.modes,hybrid/modes/cab_embed_training_target.py,167,187,1,2026-09-24,"CabEmbedDesign, generate_cab_embed_training_bundle",(7); __future__(1); json(1),16
hybrid.modes,hybrid/modes/character_analysis.py,161,212,6,2026-09-24,"CharacterAnalysisConfig, AmpLevelAnalysis, AmpCharacterAnalysis, sha256_file, analyse_rendered_audio",__future__(1); hashlib(1); json(1),37
hybrid.modes,hybrid/modes/character_blend.py,389,495,7,2026-09-23,"character_temporal_history_samples, CharacterBlendDesign, CharacterBlendResult, LowLevelResponseCheck, evaluate_low_level_response",(5); __future__(1); json(1),121
hybrid.modes,hybrid/modes/character_training_target.py,289,325,9,2026-09-24,"evaluate_bundle_low_level_response, build_export_validation_reference, check_export_low_level_response, check_full_low_level_response, build_character_training_manifest",(9); __future__(1); json(1),95
hybrid.modes,hybrid/modes/design.py,145,194,3,2026-09-25,"HybridDesign, freeze_design, to_dict, write_json, read_json",(5); __future__(1); json(1),15
hybrid.modes,hybrid/modes/fixed_blend.py,237,296,5,2026-09-25,"BlendLevelMatchResult, compute_active_trim, BlendResult, build_fixed_blend, BlendDesign",(7); __future__(1); json(1),29
hybrid.modes,hybrid/modes/metadata.py,63,83,2,2026-09-23,"HybridMetadata, suggested_nam_filename, to_dict",__future__(1); re(1); dataclasses(1),13
hybrid.modes,hybrid/modes/training_target.py,632,801,6,2026-09-25,"TrainingInputError, TrainingInputInfo, validate_training_input, TargetSafetyReport, TrainingBundle",(19); __future__(1); hashlib(1),145
hybrid.modes,hybrid/modes/wizard.py,55,69,1,2026-09-23,summarise_amp_pair,__future__(1); (1),28
hybrid.paths.py,hybrid/paths.py,9,12,1,2026-09-23,,__future__(1); pathlib(1),2
hybrid.services,hybrid/services/__init__.py,1,1,1,2026-09-23,,,1
hybrid.services,hybrid/services/env_file.py,134,162,2,2026-09-24,"read_env_value, read_saved_env_value, read_env_values, read_saved_env_values, write_env_values",__future__(1); os(1); pathlib(1),78
hybrid.services,hybrid/services/local_llm.py,1053,1274,8,2026-09-25,"LocalLlmError, prompt_requests_recipe, AiConfig, LocalRecipe, LocalConversationReply",urllib(3); environment(1); __future__(1),473
hybrid.services,hybrid/services/nam_inspector.py,206,230,1,2026-09-25,inspect_nam,(4); __future__(1); pathlib(1),100
hybrid.services,hybrid/services/ollama_pull.py,67,84,3,2026-09-24,"OllamaPullError, ollama_available, start_pull, get_pull_status",__future__(1); shutil(1); subprocess(1),19
hybrid.services,hybrid/services/research.py,256,309,1,2026-09-23,"web_notes, tone3000_search, tone3000_models, tone3000_model_download, handle_starttag",urllib(2); __future__(1); ipaddress(1),121
hybrid.services,hybrid/services/settings.py,439,503,5,2026-09-25,"SettingField, SettingsValidationError, get_settings, save_settings, startup_update_check_enabled",hybrid(4); __future__(1); os(1),128
hybrid.services,hybrid/services/update_check.py,96,126,4,2026-09-25,"installer_asset_name, UpdateCheckError, UpdateCheckResult, check_for_update",urllib(2); __future__(1); json(1),52
hybrid.training,hybrid/training/__init__.py,1,1,1,2026-09-23,,,2
hybrid.training,hybrid/training/a2_training_settings.py,117,178,6,2026-09-24,"A2TrainingSettings, settings_for_preset, custom_split_train_stop, settings_for, user_metadata_kwargs",__future__(1); dataclasses(1); (1),58
hybrid.training,hybrid/training/embedded_completion.py,65,86,6,2026-09-24,complete_embedded_artifact,(8); __future__(1); pathlib(1),27
hybrid.training,hybrid/training/epoch_progress.py,40,48,1,2026-09-25,parse_epoch_progress,__future__(1); re(1); typing(1),13
hybrid.training,hybrid/training/kaggle_training.py,1215,1561,12,2026-09-25,"CliResult, KaggleCliUnavailable, KaggleCli, KaggleJob, save_job",(10); __future__(1); csv(1),431
hybrid.training,hybrid/training/local_training.py,341,447,7,2026-09-25,"LocalTrainingManager, design_id, python, is_ready, cancel",__future__(1); codecs(1); os(1),139
hybrid.training,hybrid/training/nam_provenance.py,147,187,6,2026-09-24,"source_metadata_fields, agreed_tone_type, cabinet_display_name, cab_export_mode, default_model_base_name",__future__(1); typing(1); (1),68
hybrid.training,hybrid/training/nam_tools.py,209,254,4,2026-09-24,"NamToolError, load_nam, calculate_gain_multiplier, find_output_scalers, describe_nam_tools",__future__(1); copy(1); json(1),107
hybrid.training,hybrid/training/sequential_nam.py,187,221,5,2026-09-24,"SequentialNamError, weights_sha256, extract_full_a2_child, build_embedded_sequential, package_embedded_sequential",(2); __future__(1); hashlib(1),54
hybrid.training,hybrid/training/validation.py,166,203,6,2026-09-25,"ReferenceHybridResult, load_frozen_design, render_processed_reference, render_reference_hybrid, render_reference_blend",(11); __future__(1); dataclasses(1),29
hybrid.training,hybrid/training/validation_report.py,116,131,2,2026-09-24,build_validation_report,__future__(1); math(1); typing(1),68
native,native/nam_render/build/_deps/namcore-src/Dependencies/AudioDSPTools/Dependencies/eigen/debug/gdb/__init__.py,0,1,0,unknown,,,1
native,native/nam_render/build/_deps/namcore-src/Dependencies/AudioDSPTools/Dependencies/eigen/debug/gdb/printers.py,214,338,0,unknown,"EigenMatrixPrinter, EigenSparseMatrixPrinter, EigenQuaternionPrinter, cast_eigen_block_to_matrix, build_eigen_dictionary",gdb(1); re(1); bisect(1),81
native,native/nam_render/build/_deps/namcore-src/Dependencies/AudioDSPTools/Dependencies/eigen/debug/lldb/eigenlldb.py,183,234,0,unknown,"EigenMatrixChildProvider, EigenSparseMatrixChildProvider, num_children, get_child_index, get_child_at_index",lldb(1); typing(1); bisect(1),42
native,native/nam_render/build/_deps/namcore-src/Dependencies/AudioDSPTools/Dependencies/eigen/scripts/relicense.py,50,69,0,unknown,,os(1); sys(1),17
native,native/nam_render/build/_deps/namcore-src/Dependencies/eigen/debug/gdb/__init__.py,0,1,0,unknown,,,1
native,native/nam_render/build/_deps/namcore-src/Dependencies/eigen/debug/gdb/printers.py,214,338,0,unknown,"EigenMatrixPrinter, EigenSparseMatrixPrinter, EigenQuaternionPrinter, cast_eigen_block_to_matrix, build_eigen_dictionary",gdb(1); re(1); bisect(1),81
native,native/nam_render/build/_deps/namcore-src/Dependencies/eigen/debug/lldb/eigenlldb.py,183,234,0,unknown,"EigenMatrixChildProvider, EigenSparseMatrixChildProvider, num_children, get_child_index, get_child_at_index",lldb(1); typing(1); bisect(1),42
native,native/nam_render/build/_deps/namcore-src/Dependencies/eigen/scripts/git_commit_mrs_and_issues.py,93,128,0,unknown,"find_cherry_pick_source, main",argparse(1); json(1); sys(1),48
native,native/nam_render/build/_deps/namcore-src/Dependencies/eigen/scripts/gitlab_api_deploy_package.py,105,136,0,unknown,"calculate_sha256, upload_to_generic_registry, main",os(1); requests(1); hashlib(1),30
native,native/nam_render/build/_deps/namcore-src/Dependencies/eigen/scripts/gitlab_api_issues.py,144,174,0,unknown,"date, get_issues, main",argparse(1); datetime(1); json(1),20
native,native/nam_render/build/_deps/namcore-src/Dependencies/eigen/scripts/gitlab_api_labeller.py,100,122,0,unknown,"add_label_to_mr, add_label_to_issue, main",os(1); sys(1); argparse(1),32
native,native/nam_render/build/_deps/namcore-src/Dependencies/eigen/scripts/gitlab_api_mrs.py,164,200,0,unknown,"date, get_merge_requests, main",argparse(1); datetime(1); json(1),27
native,native/nam_render/build/_deps/namcore-src/docs/conf.py,42,82,0,unknown,,os(1); re(1); sys(1),10
native,native/nam_render/build/_deps/namcore-src/generate_weights_a2.py,256,354,0,unknown,"count_conv1d_weights, count_conv1x1_weights, count_film_weights, parse_gating_mode, count_layer_weights",json(1); random(1); pathlib(1),119
native,native/nam_render/build/_deps/namcore-src/tools/create_wavenet.py,383,464,0,unknown,"ExampleConfig, count_conv1d_weights, count_conv1x1_weights, count_layer_array_weights, validate_config",json(1); random(1); argparse(1),87
native,native/nam_render/build/_deps/namcore-src/tools/plot_wavenet_a1_benchmark.py,128,179,0,unknown,"extract_channels, run_benchmark_and_extract_median, main",json(1); glob(1); os(1),25
packaging,packaging/backend/dist/nam-mixer-backend/_internal/training_support/cloud/kaggle/train_a2_cloud.py,522,640,0,unknown,"CloudTrainingError, settings_for_preset, custom_split_train_stop, apply_custom_split_patch, print_diagnostics",nam(7); importlib(2); __future__(1),180
packaging,packaging/backend/dist/nam-mixer-backend/_internal/training_support/hybrid/__init__.py,15,16,0,unknown,,,4
packaging,packaging/backend/dist/nam-mixer-backend/_internal/training_support/hybrid/continuous_gain/__init__.py,1,1,0,unknown,,,1
packaging,packaging/backend/dist/nam-mixer-backend/_internal/training_support/hybrid/continuous_gain/anchors.py,54,71,0,unknown,"effective_min_sep, response_anchors, fixed_ladder_anchors, position_input_gain_db, mapping_table",__future__(1); numpy(1),45
packaging,packaging/backend/dist/nam-mixer-backend/_internal/training_support/hybrid/continuous_gain/audit.py,183,204,0,unknown,"music_lag, audit_captures, alignment_shift, apply_alignment_shift, r_music",(2); __future__(1); typing(1),121
packaging,packaging/backend/dist/nam-mixer-backend/_internal/training_support/hybrid/continuous_gain/bundle.py,169,206,0,unknown,"FcRecipe, sha256_f32, BuiltAudio, build_training_audio, make_chain",(12); __future__(1); hashlib(1),37
packaging,packaging/backend/dist/nam-mixer-backend/_internal/training_support/hybrid/continuous_gain/excitation.py,70,80,0,unknown,"level_swept_excitation, active_rms",__future__(1); numpy(1),17
packaging,packaging/backend/dist/nam-mixer-backend/_internal/training_support/hybrid/continuous_gain/multi_blend.py,44,57,0,unknown,"GainChain, chain_weights, multi_blend, input_scale_db, designated_gain_db",__future__(1); dataclasses(1); numpy(1),15
packaging,packaging/backend/dist/nam-mixer-backend/_internal/training_support/hybrid/continuous_gain/parallel.py,22,28,0,unknown,"default_workers, pmap",__future__(1); os(1); concurrent(1),11
packaging,packaging/backend/dist/nam-mixer-backend/_internal/training_support/hybrid/continuous_gain/probe.py,116,146,0,unknown,"crest_db, hf_ratio_db, features, tone_signal, harmonics",(3); __future__(1); typing(1),31
packaging,packaging/backend/dist/nam-mixer-backend/_internal/training_support/hybrid/continuous_gain/profile.py,88,94,0,unknown,build_profile,__future__(1); numpy(1); scipy(1),81
packaging,packaging/backend/dist/nam-mixer-backend/_internal/training_support/hybrid/continuous_gain/project.py,297,336,0,unknown,"CgProjectError, suggest_position, CgProject, create, state",(12); __future__(1); json(1),129
packaging,packaging/backend/dist/nam-mixer-backend/_internal/training_support/hybrid/continuous_gain/selection.py,203,228,0,unknown,"SelectionAnalysis, select_captures, evaluate_set, resolve_selection, val",__future__(1); itertools(1); numpy(1),177
packaging,packaging/backend/dist/nam-mixer-backend/_internal/training_support/hybrid/continuous_gain/validation.py,140,169,0,unknown,"check_compatibility, check_safety, check_progression, write_audition, one",(7); __future__(1); json(1),62
packaging,packaging/backend/dist/nam-mixer-backend/_internal/training_support/hybrid/core/__init__.py,1,1,0,unknown,,,1
packaging,packaging/backend/dist/nam-mixer-backend/_internal/training_support/hybrid/core/align.py,97,125,0,unknown,"estimate_offset, align_to_reference",__future__(1); logging(1); numpy(1),34
packaging,packaging/backend/dist/nam-mixer-backend/_internal/training_support/hybrid/core/audio_metrics.py,114,137,0,unknown,"is_audible_dbfs, rms_dbfs, spectral_magnitude_correlation, framed_spectral_correlation, multi_resolution_log_spectral_distance",__future__(1); numpy(1),35
packaging,packaging/backend/dist/nam-mixer-backend/_internal/training_support/hybrid/core/cab_ir.py,360,459,0,unknown,"CabIrError, PreparedCabIr, load_and_prepare_cab_ir, get_prepared_cab_ir, get_frozen_prepared_cab_ir",dataclasses(2); __future__(1); hashlib(1),111
packaging,packaging/backend/dist/nam-mixer-backend/_internal/training_support/hybrid/core/calibration.py,69,88,0,unknown,"input_calibration_gain_db, CalibrationResult, resolve_calibration",__future__(1); dataclasses(1); typing(1),18
packaging,packaging/backend/dist/nam-mixer-backend/_internal/training_support/hybrid/core/coverage.py,66,99,0,unknown,"CoverageResult, active_signal_mask, analyse_profile_coverage, envelope_percentiles, suggest_crossover_dbfs",__future__(1); dataclasses(1); numpy(1),22
packaging,packaging/backend/dist/nam-mixer-backend/_internal/training_support/hybrid/core/envelope.py,179,226,0,unknown,"rms_envelope_db, BoundedEnvelopeConfig, bounded_envelope_max_history_ms, bounded_envelope_max_history_samples, bounded_causal_envelope_db",__future__(1); dataclasses(1); numpy(1),48
packaging,packaging/backend/dist/nam-mixer-backend/_internal/training_support/hybrid/core/input_profiles.py,182,203,0,unknown,"db_to_amplitude, InputProfile, get_profile, resolve_profile_gain_db",__future__(1); dataclasses(1); typing(1),23
packaging,packaging/backend/dist/nam-mixer-backend/_internal/training_support/hybrid/core/level_match.py,59,75,0,unknown,"LevelMatchResult, compute_crossover_trim",__future__(1); dataclasses(1); numpy(1),8
packaging,packaging/backend/dist/nam-mixer-backend/_internal/training_support/hybrid/core/nam_loader.py,115,149,0,unknown,"NamModel, load_nam, architecture, config, sample_rate",__future__(1); json(1); dataclasses(1),32
packaging,packaging/backend/dist/nam-mixer-backend/_internal/training_support/hybrid/core/pipeline.py,220,271,0,unknown,"RenderedPair, render_pair, amp_input_peak_warnings, HybridResult, build_hybrid",(8); __future__(1); dataclasses(1),36
packaging,packaging/backend/dist/nam-mixer-backend/_internal/training_support/hybrid/core/receptive_field.py,291,339,0,unknown,"ReceptiveFieldUnavailable, compute_source_nam_receptive_field, A2ReceptiveField, load_packed_a2_config, compute_a2_receptive_field",__future__(1); importlib(1); json(1),67
packaging,packaging/backend/dist/nam-mixer-backend/_internal/training_support/hybrid/core/render.py,143,185,0,unknown,"NamRenderError, find_nam_render_exe, find_sequential_nam_render_exe, sequential_renderer_record, render",(2); __future__(1); shutil(1),76
packaging,packaging/backend/dist/nam-mixer-backend/_internal/training_support/hybrid/core/render_bootstrap.py,95,123,0,unknown,"NamRenderDownloadError, default_dest_path, download_prebuilt_nam_render",urllib(2); __future__(1); json(1),27
packaging,packaging/backend/dist/nam-mixer-backend/_internal/training_support/hybrid/core/safety.py,107,138,0,unknown,"SafetyReport, check_audio, apply_peak_ceiling, compute_auto_output_gain_db, apply_output_gain",__future__(1); dataclasses(1); numpy(1),30
packaging,packaging/backend/dist/nam-mixer-backend/_internal/training_support/hybrid/modes/__init__.py,1,1,0,unknown,,,1
packaging,packaging/backend/dist/nam-mixer-backend/_internal/training_support/hybrid/modes/blend.py,58,77,0,unknown,"smoothstep_curve, CrossoverConfig, blend_weight, blend",__future__(1); dataclasses(1); typing(1),6
packaging,packaging/backend/dist/nam-mixer-backend/_internal/training_support/hybrid/modes/blend_training_target.py,195,232,0,unknown,"build_blend_training_manifest, generate_blend_training_bundle",(8); __future__(1); json(1),17
packaging,packaging/backend/dist/nam-mixer-backend/_internal/training_support/hybrid/modes/cab_embed_training_target.py,167,187,0,unknown,"CabEmbedDesign, generate_cab_embed_training_bundle",(7); __future__(1); json(1),16
packaging,packaging/backend/dist/nam-mixer-backend/_internal/training_support/hybrid/modes/character_analysis.py,161,212,0,unknown,"CharacterAnalysisConfig, AmpLevelAnalysis, AmpCharacterAnalysis, sha256_file, analyse_rendered_audio",__future__(1); hashlib(1); json(1),37
packaging,packaging/backend/dist/nam-mixer-backend/_internal/training_support/hybrid/modes/character_blend.py,389,495,0,unknown,"character_temporal_history_samples, CharacterBlendDesign, CharacterBlendResult, LowLevelResponseCheck, evaluate_low_level_response",(5); __future__(1); json(1),121
packaging,packaging/backend/dist/nam-mixer-backend/_internal/training_support/hybrid/modes/character_training_target.py,289,325,0,unknown,"evaluate_bundle_low_level_response, build_export_validation_reference, check_export_low_level_response, check_full_low_level_response, build_character_training_manifest",(9); __future__(1); json(1),95
packaging,packaging/backend/dist/nam-mixer-backend/_internal/training_support/hybrid/modes/design.py,135,178,0,unknown,"HybridDesign, freeze_design, to_dict, write_json, read_json",(4); __future__(1); json(1),8
packaging,packaging/backend/dist/nam-mixer-backend/_internal/training_support/hybrid/modes/fixed_blend.py,206,257,0,unknown,"BlendLevelMatchResult, compute_active_trim, BlendResult, build_fixed_blend, BlendDesign",(6); __future__(1); json(1),19
packaging,packaging/backend/dist/nam-mixer-backend/_internal/training_support/hybrid/modes/metadata.py,63,83,0,unknown,"HybridMetadata, suggested_nam_filename, to_dict",__future__(1); re(1); dataclasses(1),13
packaging,packaging/backend/dist/nam-mixer-backend/_internal/training_support/hybrid/modes/training_target.py,618,783,0,unknown,"TrainingInputError, TrainingInputInfo, validate_training_input, TargetSafetyReport, TrainingBundle",(19); __future__(1); hashlib(1),143
packaging,packaging/backend/dist/nam-mixer-backend/_internal/training_support/hybrid/modes/wizard.py,55,69,0,unknown,summarise_amp_pair,__future__(1); (1),28
packaging,packaging/backend/dist/nam-mixer-backend/_internal/training_support/hybrid/paths.py,9,12,0,unknown,,__future__(1); pathlib(1),2
packaging,packaging/backend/dist/nam-mixer-backend/_internal/training_support/hybrid/services/__init__.py,1,1,0,unknown,,,1
packaging,packaging/backend/dist/nam-mixer-backend/_internal/training_support/hybrid/services/env_file.py,134,162,0,unknown,"read_env_value, read_saved_env_value, read_env_values, read_saved_env_values, write_env_values",__future__(1); os(1); pathlib(1),78
packaging,packaging/backend/dist/nam-mixer-backend/_internal/training_support/hybrid/services/local_llm.py,1052,1273,0,unknown,"LocalLlmError, prompt_requests_recipe, AiConfig, LocalRecipe, LocalConversationReply",urllib(3); environment(1); __future__(1),471
packaging,packaging/backend/dist/nam-mixer-backend/_internal/training_support/hybrid/services/ollama_pull.py,67,84,0,unknown,"OllamaPullError, ollama_available, start_pull, get_pull_status",__future__(1); shutil(1); subprocess(1),19
packaging,packaging/backend/dist/nam-mixer-backend/_internal/training_support/hybrid/services/research.py,256,309,0,unknown,"web_notes, tone3000_search, tone3000_models, tone3000_model_download, handle_starttag",urllib(2); __future__(1); ipaddress(1),121
packaging,packaging/backend/dist/nam-mixer-backend/_internal/training_support/hybrid/services/settings.py,425,486,0,unknown,"SettingField, SettingsValidationError, get_settings, save_settings, experimental_architectures_enabled",hybrid(3); __future__(1); os(1),121
packaging,packaging/backend/dist/nam-mixer-backend/_internal/training_support/hybrid/services/update_check.py,75,99,0,unknown,"UpdateCheckError, UpdateCheckResult, check_for_update",urllib(2); __future__(1); json(1),41
packaging,packaging/backend/dist/nam-mixer-backend/_internal/training_support/hybrid/training/__init__.py,1,1,0,unknown,,,2
packaging,packaging/backend/dist/nam-mixer-backend/_internal/training_support/hybrid/training/a2_training_settings.py,117,178,0,unknown,"A2TrainingSettings, settings_for_preset, custom_split_train_stop, settings_for, user_metadata_kwargs",__future__(1); dataclasses(1); (1),58
packaging,packaging/backend/dist/nam-mixer-backend/_internal/training_support/hybrid/training/embedded_completion.py,65,86,0,unknown,complete_embedded_artifact,(8); __future__(1); pathlib(1),27
packaging,packaging/backend/dist/nam-mixer-backend/_internal/training_support/hybrid/training/kaggle_training.py,1221,1567,0,unknown,"CliResult, KaggleCliUnavailable, KaggleCli, KaggleJob, save_job",(9); __future__(1); csv(1),434
packaging,packaging/backend/dist/nam-mixer-backend/_internal/training_support/hybrid/training/local_training.py,347,456,0,unknown,"LocalTrainingManager, design_id, python, is_ready, cancel",__future__(1); codecs(1); os(1),144
packaging,packaging/backend/dist/nam-mixer-backend/_internal/training_support/hybrid/training/nam_provenance.py,147,187,0,unknown,"source_metadata_fields, agreed_tone_type, cabinet_display_name, cab_export_mode, default_model_base_name",__future__(1); typing(1); (1),68
packaging,packaging/backend/dist/nam-mixer-backend/_internal/training_support/hybrid/training/nam_tools.py,209,254,0,unknown,"NamToolError, load_nam, calculate_gain_multiplier, find_output_scalers, describe_nam_tools",__future__(1); copy(1); json(1),107
packaging,packaging/backend/dist/nam-mixer-backend/_internal/training_support/hybrid/training/sequential_nam.py,187,221,0,unknown,"SequentialNamError, weights_sha256, extract_full_a2_child, build_embedded_sequential, package_embedded_sequential",(2); __future__(1); hashlib(1),54
packaging,packaging/backend/dist/nam-mixer-backend/_internal/training_support/hybrid/training/validation.py,162,199,0,unknown,"ReferenceHybridResult, load_frozen_design, render_processed_reference, render_reference_hybrid, render_reference_blend",(11); __future__(1); dataclasses(1),28
packaging,packaging/backend/dist/nam-mixer-backend/_internal/training_support/hybrid/training/validation_report.py,116,131,0,unknown,build_validation_report,__future__(1); math(1); typing(1),68
packaging,packaging/backend/dist/nam-mixer-backend/_internal/training_support/scripts/train_a2.py,609,767,0,unknown,"TrainingAbort, print_environment_diagnostics, load_and_validate_manifest, check_receptive_field, validate_exported_nam",hybrid(10); nam(5); __future__(1),189
review,review/tools/build-index.py,183,227,0,unknown,"run_command, get_public_symbols, get_dependencies_and_imports, get_recent_commits, get_cyclomatic_complexity",os(1); sys(1); csv(1),87
routes,routes/__init__.py,1,1,1,2026-09-23,,,1
routes,routes/continuous_gain.py,485,535,7,2026-09-24,"register_cg_routes, note, run, project_or_404, err",hybrid(9); __future__(1); base64(1),240
scripts,scripts/analyze_di.py,66,81,1,2026-09-05,"dbfs, analyze",soundfile(1); numpy(1); glob(1),23
scripts,scripts/cg_reproduce_fc.py,44,45,5,2026-09-24,,"hybrid(7); argparse,(1); pathlib(1)",24
scripts,scripts/measure_embedded_tolerance.py,55,57,2,2026-09-24,,hybrid(5); sys(1); pathlib(1),14
scripts,scripts/nam_volume.py,55,65,2,2026-09-23,main,__future__(1); argparse(1); pathlib(1),18
scripts,scripts/real_render_regression.py,256,282,5,2026-09-24,"PrerequisiteUnavailable, run, main",hybrid(10); __future__(1); argparse(1),91
scripts,scripts/single_nam_common.py,39,55,5,2026-09-23,"capture_path, official_input",__future__(1); os(1); pathlib(1),14
scripts,scripts/train_a2.py,631,794,28,2026-09-25,"TrainingAbort, print_environment_diagnostics, load_and_validate_manifest, check_receptive_field, validate_exported_nam",hybrid(10); nam(5); pytorch_lightning(2),199
scripts,scripts/validate_a2.py,138,176,5,2026-09-24,"run_validation, main",hybrid(7); __future__(1); argparse(1),36
tests,tests/cg_synth.py,26,36,3,2026-09-24,"synth_di, amp_render, render",__future__(1); zlib(1); numpy(1),7
tests,tests/test_a2_training_settings.py,326,406,11,2026-09-24,"test_epoch_presets_match_brief, test_settings_for_preset_only_epochs_differ, test_settings_for_preset_rejects_unknown_preset, test_full_settings_match_brief, test_quick_settings_are_smoke_test_only",hybrid(2); importlib(1); re(1),20
tests,tests/test_align.py,65,80,5,2026-09-23,"test_estimate_offset_detects_known_shift, test_align_to_reference_matches_length, test_align_to_reference_disabled_by_default, test_fft_offset_matches_the_original_loop",numpy(1); hybrid(1),13
tests,tests/test_align_diagnostic.py,149,193,1,2026-09-25,"test_known_positive_shift_is_a_fixed_offset, test_known_negative_shift_is_a_fixed_offset, test_zero_shift_is_aligned, test_one_sample_is_within_the_aligned_tolerance, test_several_independent_windows_agree",hybrid(5); numpy(1); pytest(1),22
tests,tests/test_align_fixed_offset.py,257,350,1,2026-09-25,"delayed_b_render_and_no_estimation, test_positive_offset_trims_the_start_of_b, test_negative_offset_pads_the_start_of_b, test_zero_offset_only_length_matches, test_output_is_always_exactly_output_length",hybrid(9); __future__(1); json(1),25
tests,tests/test_align_verification.py,129,174,2,2026-09-25,"Renderer, test_verification_uses_fixed_independent_dis, test_same_offset_across_dis_is_verified, test_negative_offset_across_dis_is_verified, test_offsets_within_one_sample_agree",hybrid(4); __future__(1); pathlib(1),23
tests,tests/test_app.py,1943,2415,49,2026-09-25,"identity_render, client, test_selected_cab_warns_for_explicit_amp_cab_source_metadata, test_setup_status_reports_a_configured_non_local_ai_provider_as_ready, test_local_llm_recipe_is_unavailable_until_a_model_is_configured",hybrid(16); soundfile(10); os(2),149
tests,tests/test_audio_metrics.py,40,59,3,2026-09-23,"test_rms_dbfs_matches_existing_blend_semantics, test_framed_spectral_correlation_is_high_for_identical_signal, test_framed_spectral_correlation_is_low_for_very_different_tones, test_framed_spectral_correlation_nan_for_short_signal, test_multi_resolution_log_spectral_distance_is_zero_for_identical_signal",numpy(1); pytest(1); hybrid(1),1
tests,tests/test_blend.py,34,45,2,2026-09-23,"test_smoothstep_endpoints, test_blend_weight_quiet_is_amp_a, test_blend_weight_loud_is_amp_b, test_blend_output_is_pure_a_when_quiet, test_blend_no_discontinuity_across_transition",numpy(1); hybrid(1),1
tests,tests/test_blend_training_target.py,139,185,5,2026-09-25,"identity_render, test_generate_blend_bundle_writes_expected_filenames, test_manifest_records_mode_blend_and_mix, test_frozen_polarity_flip_is_applied_to_target_and_manifest, test_frozen_effective_trim_is_reused_not_recomputed",hybrid(6); __future__(1); json(1),9
tests,tests/test_bundle_generator_snapshots.py,104,136,2,2026-09-24,"deterministic_render, test_bundle_generators_match_their_snapshots, fake_render",hybrid(7); __future__(1); hashlib(1),46
tests,tests/test_cab_export_modes.py,235,294,12,2026-09-24,"experimental_architectures_on, test_legacy_baked_design_migrates_to_learned_not_embedded, test_export_modes_roundtrip_and_keep_legacy_alias, test_embedded_requires_selected_cab, test_preparation_policy_preserves_or_trims_leading_timing",soundfile(8); hybrid(5); json(1),15
tests,tests/test_cab_ir.py,193,255,6,2026-09-23,"test_identity_ir_leaves_audio_unchanged, test_known_short_fir_matches_expected_causal_convolution, test_output_length_equals_input_length, test_stereo_ir_downmix_is_deterministic, test_sample_rate_conversion_changes_tap_count",hybrid(2); __future__(1); numpy(1),12
tests,tests/test_calibration.py,28,38,2,2026-09-23,"test_official_compensation_formula, test_auto_mode_both_calibrated_applies_per_model_compensation, test_auto_mode_both_uncalibrated_is_raw_with_no_warning, test_auto_mode_only_one_calibrated_falls_back_to_raw_with_warning, test_explicit_raw_mode_never_compensates_even_if_both_calibrated",hybrid(1),1
tests,tests/test_cg_bundle.py,109,142,5,2026-09-24,"test_chain_levels_follow_the_designated_gain, test_target_layout_split_and_single_ceiling_scale, test_ceiling_scale_is_a_single_constant_not_a_limiter, test_verified_alignment_shift_is_applied_to_that_capture_only, test_the_default_recipe_is_the_frozen_fc_recipe",hybrid(5); __future__(1); json(1),35
tests,tests/test_cg_excitation.py,32,41,3,2026-09-23,"test_deterministic_and_sized, test_level_sweeps_the_whole_range_and_is_calibrated, test_material_is_guitar_like_not_noise, test_top_bias_spends_more_time_loud_and_default_is_unchanged",numpy(1); hybrid(1),4
tests,tests/test_cg_pipeline.py,168,222,5,2026-09-24,"measured, test_probe_bank_shape, test_probe_measures_more_drive_as_more_saturation, test_clean_synthetic_set_audits_valid, test_a_verified_timing_offset_is_corrected_and_the_shift_realigns_it",hybrid(7); __future__(1); numpy(1),107
tests,tests/test_cg_project_routes.py,385,462,13,2026-09-24,"fake_backend, test_position_suggestions_are_only_suggestions, test_stage1_checks_block_analysis_until_positions_are_confirmed, test_bad_uploads_are_rejected_and_sample_rate_is_blocking, test_plan_requires_analysis_and_changing_captures_invalidates_it",hybrid(8); routes(2); app(2),148
tests,tests/test_cg_reproduction.py,63,80,4,2026-09-24,"test_automatic_selection_and_fc_anchors_reproduce_the_frozen_configuration, test_frozen_manifest_recipe_matches_the_default_recipe, test_training_audio_and_output_scale_reproduce_the_frozen_bundle_bit_for_bit",hybrid(5); the(1); __future__(1),26
tests,tests/test_cg_trainer_parity.py,110,139,3,2026-09-24,"local_mod, cloud_mod, test_custom_split_boundary_is_read_identically, test_both_trainers_install_the_same_data_config, test_export_name_is_the_users_model_name_with_the_content_suffix",__future__(1); importlib(1); json(1),19
tests,tests/test_cg_validation.py,109,147,1,2026-09-24,"cab_fn, capture, trained_model, fake_render, short_di",hybrid(2); __future__(1); json(1),15
tests,tests/test_character_blend.py,405,533,15,2026-09-24,"test_analysis_has_requested_level_grid_and_broad_spectrum, test_character_teacher_is_deterministic_and_not_parallel_sum, test_full_character_teacher_is_prefix_invariant_with_frozen_analysis, test_drive_curve_is_smooth_and_freeze_roundtrips, test_freeze_character_design_preserves_per_amp_input_gains",hybrid(8); json(1); types(1),45
tests,tests/test_character_training_target.py,200,261,8,2026-09-24,"identity_render, test_generate_character_training_bundle_records_a_healthy_low_level_response, test_generate_character_training_bundle_rejects_a_nam_changed_since_freeze, test_generate_character_training_bundle_aborts_on_low_level_collapse, test_check_full_low_level_response_returns_none_for_non_character_or_missing_section",hybrid(7); __future__(1); json(1),18
tests,tests/test_coverage.py,42,66,3,2026-09-23,"test_coverage_monotonic_across_increasing_profile_gain, test_coverage_all_below_crossover_is_all_amp_a, test_coverage_ignores_silence_below_active_threshold, test_envelope_percentiles_ordering, test_suggest_crossover_within_active_range",numpy(1); hybrid(1),8
tests,tests/test_design.py,91,108,4,2026-09-23,"test_freeze_design_captures_auditioned_values, test_freeze_design_never_captures_test_gain_db, test_hybrid_design_json_roundtrip, test_hybrid_design_is_frozen",hybrid(2); json(1); numpy(1),1
tests,tests/test_envelope.py,39,54,4,2026-09-23,"test_envelope_length_matches_input, test_envelope_tracks_level_change, test_envelope_handles_silence, test_envelope_is_causal_future_independent",numpy(1); hybrid(1),1
tests,tests/test_envelope_finite.py,95,129,3,2026-09-23,"test_bounded_envelope_length_matches_input, test_bounded_envelope_handles_silence, test_bounded_envelope_handles_empty_input, test_bounded_envelope_is_deterministic, test_bounded_envelope_tracks_level_change",__future__(1); numpy(1); hybrid(1),4
tests,tests/test_epoch_progress.py,21,33,1,2026-09-25,"test_marker_is_one_based_and_wins_over_lightning_bar, test_marker_reports_the_running_epoch, test_lightning_rich_bar_is_converted_from_zero_based, test_lightning_tqdm_bar_is_converted_and_paired_with_preset_total, test_unparseable_is_none",hybrid(1),4
tests,tests/test_fixed_blend.py,125,157,6,2026-09-25,"test_mix_zero_returns_amp_a_exactly, test_mix_one_returns_trimmed_amp_b_exactly, test_mix_half_gives_expected_linear_blend, test_mix_is_independent_of_input_envelope, test_manual_trim_shifts_amp_b_before_mixing",hybrid(2); __future__(1); numpy(1),4
tests,tests/test_frontend_state.py,12,15,1,2026-09-09,test_frontend_request_invalidation,shutil(1); subprocess(1); pathlib(1),1
tests,tests/test_input_profiles.py,52,70,2,2026-09-23,"test_guitar_profile_preset_values, test_bass_profile_preset_values, test_active_profiles_require_custom_gain_and_have_no_fake_universal_offset, test_db_to_amplitude_round_trip, test_resolve_profile_gain_db_fixed_profile",math(1); pytest(1); hybrid(1),6
tests,tests/test_kaggle_routes.py,236,324,12,2026-09-25,"client, test_status_reports_cli_not_installed, test_auth_start_without_cli_returns_actionable_error, test_auth_start_falls_back_to_python_module_when_console_script_missing, test_train_requires_design_id",hybrid(9); __future__(1); pytest(1),8
tests,tests/test_kaggle_training.py,1421,1876,28,2026-09-25,"FakeCompleted, FakePopenResult, make_cli, test_not_installed_reports_cleanly, test_launch_auth_login_falls_back_to_python_module_when_no_console_script",hybrid(4); json(1); subprocess(1),237
tests,tests/test_level_match.py,26,34,4,2026-09-23,"test_suggested_trim_matches_known_offset, test_widens_region_when_too_few_samples, test_silent_amp_in_crossover_region_gives_no_trim",numpy(1); hybrid(1),1
tests,tests/test_local_llm.py,582,767,15,2026-09-24,"isolated_env_file, test_local_llm_is_disabled_without_a_model, test_status_reports_reachable_when_host_responds, test_status_reports_unreachable_when_host_does_not_respond, test_provider_scoped_config_does_not_mix_hosts",__future__(1); io(1); json(1),27
tests,tests/test_local_training.py,256,333,13,2026-09-25,"test_cancel_stops_an_app_owned_process_and_reports_cancelled, test_carriage_return_progress_bar_is_visible_before_the_epoch_finishes, test_lightning_epoch_colon_progress_is_parsed_with_preset_total, test_setup_cannot_expose_previous_training_validation_report, test_status_surfaces_embedded_artifact_so_the_ui_can_offer_it",os(3); hybrid(2); subprocess(2),34
tests,tests/test_multi_blend.py,22,31,2,2026-09-23,"test_weights_sum_to_one_and_only_adjacent_mix, test_endpoints_and_exact_capture_levels, test_multi_blend_and_designated_gain, test_rejects_unsorted_levels",numpy(1); pytest(1); hybrid(1),2
tests,tests/test_nam_inspector.py,128,161,1,2026-09-25,"test_inspects_standard_wavenet_and_reports_calibration, test_reports_input_only_and_unknown_cabinet_without_inference, test_a2_checks_full_and_lite_independently, test_sequential_linear_stage_reports_ir_duration_and_metadata_evidence, test_missing_sample_rate_skips_renderer_and_renderer_failure_is_distinct",json(1); numpy(1); pytest(1),4
tests,tests/test_nam_loader.py,66,81,5,2026-09-23,"test_calibrated_nam, test_uncalibrated_nam_not_rejected, test_nested_metadata_calibration, test_descriptive_metadata_accessors, test_descriptive_metadata_accessors_default_to_none",json(1); hybrid(1),2
tests,tests/test_nam_provenance.py,62,87,6,2026-09-24,"test_source_metadata_fields_extracts_expected_keys, test_agreed_tone_type_requires_exact_match_on_official_value, test_agreed_tone_type_rejects_unofficial_value, test_cab_export_mode_includes_historical_baked_records, test_cabinet_display_name_prefers_display_name_over_filename",hybrid(2); types(1); pytest(1),5
tests,tests/test_nam_tools.py,79,119,7,2026-09-24,"slimmable, test_slimmable_volume_edits_only_approved_paths, test_gain_multiplier, test_single_model_and_missing_loudness, test_unknown_model_is_refused",pytest(1); hybrid(1),13
tests,tests/test_namcore_sequential_gate.py,118,153,8,2026-09-23,"test_existing_wavenet_and_slimmable_models_are_numerically_stable, test_linear_and_sequential_fir_are_exact, test_sequential_a2_followed_by_linear_matches_head_then_fir_after_stream_warmup, test_sequential_does_not_expose_nested_a2_slim_selection, test_explicit_full_a2_child_matches_normal_container_full_selection",__future__(1); json(1); os(1),23
tests,tests/test_ollama_pull.py,93,117,5,2026-09-24,"reset_state, test_start_pull_raises_clear_error_when_ollama_missing, test_start_pull_uses_recommended_model_by_default, test_start_pull_reports_nonzero_exit_as_error, test_start_pull_returns_existing_state_when_already_running",hybrid(2); time(1); unittest(1),15
tests,tests/test_parallel_phase.py,45,62,1,2026-09-25,"test_in_phase_parallel_sum_is_safe_and_both_present, test_reversed_polarity_is_a_problem_and_flip_is_recommended, test_selected_flip_reports_the_improved_sum, test_bad_selected_flip_recommends_restoring_original, test_mix_endpoint_reports_absent_source_without_false_phase_failure",numpy(1); hybrid(1),1
tests,tests/test_pipeline.py,117,142,6,2026-09-23,"test_build_hybrid_manual_trim_no_auto_level, test_build_hybrid_auto_level_returns_level_match_result, test_build_hybrid_manual_trim_combines_with_auto_trim, test_build_hybrid_dry_gain_db_shifts_envelope_and_pushes_toward_amp_b, test_auto_trim_ignores_dry_gain_db_and_measures_the_real_input_level",hybrid(2); numpy(1),7
tests,tests/test_pipeline_render.py,143,188,5,2026-09-23,"identity_render, test_input_profile_gain_doubles_amplitude_for_plus6db, test_input_profile_gain_halves_amplitude_for_minus6db, test_envelope_is_derived_from_profiled_dry_not_source_dry, test_source_envelope_matches_raw_dry_regardless_of_profile_gain",hybrid(5); __future__(1); pathlib(1),7
tests,tests/test_real_render_regression.py,31,39,2,2026-09-23,test_real_render_harness_exercises_every_mode_and_cab,__future__(1); json(1); subprocess(1),9
tests,tests/test_receptive_field.py,220,294,9,2026-09-23,"test_layer_array_receptive_field_single_dilation, test_layer_array_receptive_field_dilated_stack, test_layer_array_receptive_field_per_layer_kernel_sizes, test_net_receptive_field_stacks_layer_arrays_in_series, test_receptive_field_unavailable_without_training_env",hybrid(13); __future__(1); types(1),14
tests,tests/test_receptive_field_parity.py,158,204,3,2026-09-23,"local_mod, cloud_mod, test_both_permit_baked_cab_formal_overflow_when_core_fits, test_both_reject_core_overflow_regardless_of_cab, test_both_train_character_when_only_character_processing_overflows",importlib(5); __future__(1); json(1),21
tests,tests/test_render.py,106,143,7,2026-09-24,"test_render_real_model_length_and_sanity, test_render_is_deterministic, test_render_rejects_stereo_input, test_render_missing_exe_raises_nam_render_error, test_renderer_env_override",hybrid(4); pathlib(1); types(1),16
tests,tests/test_render_bootstrap.py,65,89,5,2026-09-23,"test_unsupported_platform_raises_clear_error, test_download_writes_executable_binary, test_download_replaces_existing_binary_with_a_new_file, test_intel_mac_has_no_prebuilt_binary, test_no_matching_release_raises",hybrid(2); json(1); sys(1),2
tests,tests/test_research.py,89,124,5,2026-09-24,"test_tone3000_credential_uses_saved_value_over_stale_shell, test_tone3000_invalid_saved_credential_points_to_settings_not_shell, test_tone3000_metadata_score_prioritizes_title_matches, test_tone3000_metadata_score_ignores_generic_query_words, test_tone3000_search_ranks_the_complete_catalogue_page_before_limiting",hybrid(3); pytest(1),12
tests,tests/test_safety.py,41,55,4,2026-09-23,"test_detects_nan, test_detects_clipping, test_apply_peak_ceiling_reduces_gain_only_when_needed, test_apply_peak_ceiling_leaves_quiet_audio_unchanged, test_auto_output_gain_uses_available_headroom_without_attenuating_hot_audio",numpy(1); hybrid(1),1
tests,tests/test_settings.py,247,335,13,2026-09-24,"isolated_env_file, test_write_then_read_round_trip, test_write_updates_existing_key_in_place, test_write_empty_value_clears_key, test_write_sets_os_environ_immediately",hybrid(2); os(1); pytest(1),60
tests,tests/test_train_a2.py,491,647,12,2026-09-24,"test_load_and_validate_manifest_ok, test_load_and_validate_manifest_rejects_hash_mismatch, test_load_and_validate_manifest_rejects_frame_count_mismatch, test_load_and_validate_manifest_missing_file_aborts, test_check_receptive_field_aborts_without_training_env",nam(3); __future__(1); importlib(1),21
tests,tests/test_training_input_bundled.py,51,62,2,2026-09-23,"test_bundled_asset_matches_official_v3_md5, test_fresh_work_dir_is_seeded_from_bundled_asset_without_any_upload, test_manual_upload_still_replaces_the_seeded_default",hashlib(1); importlib(1); sys(1),4
tests,tests/test_training_target.py,317,427,9,2026-09-23,"identity_render, test_validate_training_input_rejects_wrong_sample_rate, test_validate_training_input_rejects_stereo, test_validate_training_input_rejects_missing_file, test_validate_training_input_accepts_good_file",hybrid(8); __future__(1); json(1),19
tests,tests/test_update_check.py,122,165,6,2026-09-25,"test_reports_an_available_update, test_reports_up_to_date_when_current_is_newest, test_up_to_date_is_exact_match_not_just_not_older, test_draft_and_prerelease_releases_are_ignored, test_non_version_tags_are_ignored_eg_the_native_renderers_own_release_series",json(1); io(1); unittest(1),10
tests,tests/test_validate_a2.py,85,117,3,2026-09-23,"test_parse_gain_arg_with_label, test_parse_gain_arg_without_label_derives_one, test_write_listening_files_applies_same_gain_to_all_and_leaves_quiet_audio_alone, test_write_listening_files_applies_shared_attenuation_when_hot, test_run_validation_writes_report_and_files",__future__(1); importlib(1); json(1),4
tests,tests/test_validation.py,178,225,7,2026-09-24,"identity_render, test_render_reference_hybrid_matches_frozen_trim_and_crossover, test_render_reference_hybrid_uses_per_model_calibration, test_frozen_blend_and_character_teachers_render_without_current_ui_state, test_compute_esr_metrics_zero_for_identical_signals",hybrid(7); __future__(1); json(1),11
tests,tests/test_wizard.py,20,24,2,2026-09-23,test_wizard_summary_describes_measured_level_tone_and_compression,hybrid(2),1
